地域,支店名,住所,電話番号,都道府県名
北海道,札幌支店,北海道札幌市中央区北１条西４-１-２,011-221-5151,北海道
北海道,札幌支店 ＡＴＭ,北海道札幌市中央区北１条西４-１-２,011-221-5151,北海道
宮城県,仙台支店,宮城県仙台市青葉区一番町３-６-１一番町平和ビル１階,022-262-1161,宮城県
宮城県,仙台支店 ＡＴＭ,宮城県仙台市青葉区一番町３-６-１一番町平和ビル１階,022-262-1161,宮城県
茨城県,土浦支店,茨城県土浦市大和町１-１,029-822-6721,茨城県
茨城県,土浦支店 ＡＴＭ,茨城県土浦市大和町１-１,029-822-6721,茨城県
茨城県,つくば ＡＴＭ,茨城県つくば市吾妻１-６-１つくばトナリエキュート１階,,茨城県
栃木県,宇都宮支店,栃木県宇都宮市馬場通り４-３-１２,028-622-5281,栃木県
栃木県,宇都宮支店 ＡＴＭ,栃木県宇都宮市馬場通り４-３-１２,028-622-5281,栃木県
栃木県,栃木 ＡＴＭ,栃木県栃木市沼和田町７-１３,,栃木県
群馬県,前橋支店,群馬県前橋市本町１-２-１６,027-231-6241,群馬県
群馬県,前橋支店 ＡＴＭ,群馬県前橋市本町１-２-１６,027-231-6241,群馬県
埼玉県,西武秩父駅前温泉祭の湯 ＡＴＭ,埼玉県秩父市野坂町１-１６-１５,,埼玉県
埼玉県,朝霞台支店,埼玉県朝霞市東弁財１-３-１１,048-474-1131,埼玉県
埼玉県,朝霞台支店 ＡＴＭ,埼玉県朝霞市東弁財１-３-１１,048-474-1131,埼玉県
埼玉県,ライフ新座店 ＡＴＭ,埼玉県新座市栗原４-１２-２５,,埼玉県
千葉県,千葉支店,千葉県千葉市中央区中央１-１-３,043-225-1133,千葉県
千葉県,千葉支店 ＡＴＭ,千葉県千葉市中央区中央１-１-３,043-225-1133,千葉県
千葉県,千葉駅前 ＡＴＭ,千葉県千葉市中央区富士見１-１-１,,千葉県
千葉県,稲毛 ＡＴＭ,千葉県千葉市稲毛区小仲台２-５-１２,,千葉県
千葉県,市川支店,千葉県市川市八幡２-６-１３,047-334-0185,千葉県
千葉県,行徳支店,千葉県市川市行徳駅前２-１-１５,047-357-6161,千葉県
千葉県,市川支店 ＡＴＭ,千葉県市川市八幡２-６-１３,047-334-0185,千葉県
千葉県,行徳支店 ＡＴＭ,千葉県市川市行徳駅前２-１-１５,047-357-6161,千葉県
千葉県,北習志野支店,千葉県船橋市習志野台２-４９-１,047-465-7311,千葉県
千葉県,船橋支店,千葉県船橋市本町７-７-１,047-423-4701,千葉県
千葉県,北習志野支店 ＡＴＭ,千葉県船橋市習志野台２-４９-１,047-465-7311,千葉県
千葉県,船橋支店 ＡＴＭ,千葉県船橋市本町７-７-１,047-423-4701,千葉県
千葉県,ヨークマート習志野台店 ＡＴＭ,千葉県船橋市習志野台３-６-１,,千葉県
千葉県,北小金支店,千葉県松戸市小金４９-３,047-342-1171,千葉県
千葉県,北小金支店 ＡＴＭ,千葉県松戸市小金４９-３,047-342-1171,千葉県
千葉県,新松戸駅前 ＡＴＭ,千葉県松戸市新松戸１-４３２,,千葉県
千葉県,野菊野 ＡＴＭ,千葉県松戸市野菊野１野菊野団地１-１０３号,,千葉県
千葉県,松戸ニッセイエデンの園 ＡＴＭ,千葉県松戸市高塚新田１２３-１５,,千葉県
千葉県,馬橋 ＡＴＭ,千葉県松戸市西馬橋蔵元町６,,千葉県
千葉県,茂原支店,千葉県茂原市千代田町１-４-１,0475-23-6211,千葉県
千葉県,アスモ ＡＴＭ,千葉県茂原市高師１７３５,,千葉県
千葉県,茂原支店 ＡＴＭ,千葉県茂原市千代田町１-４-１,0475-23-6211,千葉県
千葉県,成田支店,千葉県成田市花崎町８２１-４,0476-22-5721,千葉県
千葉県,成田支店 ＡＴＭ,千葉県成田市花崎町８２１-４,0476-22-5721,千葉県
千葉県,津田沼支店,千葉県習志野市津田沼１-２-１,047-475-2151,千葉県
千葉県,津田沼支店 ＡＴＭ,千葉県習志野市津田沼１-２-１,047-475-2151,千葉県
千葉県,柏支店,千葉県柏市旭町１-５-１,04-7145-7121,千葉県
千葉県,柏支店 ＡＴＭ,千葉県柏市旭町１-５-１,04-7145-7121,千葉県
千葉県,柏の葉キャンパス駅 ＡＴＭ,千葉県柏市若柴１７４,,千葉県
千葉県,流山おおたかの森出張所,千葉県流山市おおたかの森北１-１-１　１階,04-7154-7091,千葉県
千葉県,江戸川台駅東口 ＡＴＭ,千葉県流山市江戸川台東２-４,,千葉県
千葉県,流山おおたかの森出張所 ＡＴＭ,千葉県流山市おおたかの森北１-１-１　１階,04-7154-7091,千葉県
千葉県,流山おおたかの森駅 ＡＴＭ,千葉県流山市おおたかの森西１-１-１,,千葉県
千葉県,浦安支店,千葉県浦安市北栄１-１６-１,047-353-5511,千葉県
千葉県,浦安支店 ＡＴＭ,千葉県浦安市北栄１-１６-１,047-353-5511,千葉県
東京都,市ヶ谷支店,東京都千代田区九段南４-８-２６,03-3262-7611,東京都
東京都,神田支店,東京都千代田区九段南１-５-６　九段支店内,03-3251-7231,東京都
東京都,九段支店,東京都千代田区九段南１-５-６,03-3261-1185,東京都
東京都,東京営業部,東京都千代田区丸の内２-７-２　ＪＰタワー１８階,03-6704-1111,東京都
東京都,飯田橋駅東口 ＡＴＭ,東京都千代田区飯田橋４-１-１０,,東京都
東京都,市ヶ谷支店 ＡＴＭ,東京都千代田区九段南４-８-２６,03-3262-7611,東京都
東京都,都営地下鉄岩本町駅 ＡＴＭ,東京都千代田区神田岩本町１,,東京都
東京都,神田駅西口 ＡＴＭ,東京都千代田区内神田３丁目８番８号,,東京都
東京都,神田支店 ＡＴＭ,東京都千代田区九段南１-５-６　九段支店内,03-3251-7231,東京都
東京都,九段支店 ＡＴＭ,東京都千代田区九段南１-５-６,03-3261-1185,東京都
東京都,国立国会図書館 ＡＴＭ,東京都千代田区永田町１-１０-１,,東京都
東京都,東京営業部 ＡＴＭ,東京都千代田区丸の内２-７-２　ＪＰタワー１８階,03-6704-1111,東京都
東京都,ヨドバシＡｋｉｂａ ＡＴＭ,東京都千代田区神田花岡町１-１,,東京都
東京都,東京駅八重洲北口 ＡＴＭ,東京都千代田区丸の内１-９-１,,東京都
東京都,丸の内オアゾ ＡＴＭ,東京都千代田区丸の内１-６-４,,東京都
東京都,お茶の水聖橋 ＡＴＭ,東京都千代田区神田駿河台４丁目３番地,,東京都
東京都,麹町日テレ通り ＡＴＭ,東京都千代田区麹町３-４,,東京都
東京都,東京メトロ神保町駅東口 ＡＴＭ,東京都千代田区神田神保町２-２,,東京都
東京都,東京メトロ永田町駅 ＡＴＭ,東京都千代田区永田町１-１１-２８,,東京都
東京都,アトレ秋葉原 ＡＴＭ,東京都千代田区外神田１-１７-６　３階,,東京都
東京都,東京メトロ日比谷駅 ＡＴＭ,東京都千代田区有楽町１-５-１先,,東京都
東京都,東京メトロ有楽町駅 ＡＴＭ,東京都千代田区有楽町１-１１-１,,東京都
東京都,東京メトロ溜池山王駅 ＡＴＭ,東京都千代田区永田町２-１１-１,,東京都
東京都,秋葉原駅昭和通り口 ＡＴＭ,東京都千代田区神田和泉町１番地,,東京都
東京都,東京中央支店,東京都中央区日本橋一丁目４番１号日本橋支店内,03-3276-6611,東京都
東京都,日本橋支店,東京都中央区日本橋一丁目４番１号,03-3278-1281,東京都
東京都,室町支店,東京都中央区日本橋１-４-１日本橋一丁目三井ビルディング１９階,03-3279-4411,東京都
東京都,水天宮 ＡＴＭ,東京都中央区日本橋人形町１-１３-９,,東京都
東京都,築地 ＡＴＭ,東京都中央区築地３-７-２,,東京都
東京都,東京中央支店 ＡＴＭ,東京都中央区日本橋一丁目４番１号日本橋支店内,03-3276-6611,東京都
東京都,日本橋支店 ＡＴＭ,東京都中央区日本橋一丁目４番１号,03-3278-1281,東京都
東京都,室町支店 ＡＴＭ,東京都中央区日本橋１-４-１日本橋一丁目三井ビルディング１９階,03-3279-4411,東京都
東京都,新富一丁目 ＡＴＭ,東京都中央区新富１-１９-７,,東京都
東京都,銀座すずらん通り ＡＴＭ,東京都中央区銀座５-７-１９,,東京都
東京都,八重洲地下街メイン・アベニュー ＡＴＭ,東京都中央区八重洲２-１八重洲地下街北１,,東京都
東京都,コレド室町３地下１階 ＡＴＭ,東京都中央区日本橋室町１-５-５,,東京都
東京都,豊洲支店,東京都中央区日本橋１-４-１日本橋一丁目三井ビルディング１９階日本橋支店室町支店内,03-3534-9761,東京都
東京都,豊洲支店 ＡＴＭ,東京都中央区日本橋１-４-１日本橋一丁目三井ビルディング１９階日本橋支店室町支店内,03-3534-9761,東京都
東京都,都営地下鉄月島駅 ＡＴＭ,東京都中央区月島１-５-４,,東京都
東京都,茅場町駅前 ＡＴＭ,東京都中央区日本橋茅場町１-４-６木村實業第２ビル１階,,東京都
東京都,東京メトロ人形町駅 ＡＴＭ,東京都中央区日本橋人形町２-６-５,,東京都
東京都,コレド日本橋Ｂ１Ｆ ＡＴＭ,東京都中央区日本橋１-４-１,,東京都
東京都,コレド日本橋２Ｆ ＡＴＭ,東京都中央区日本橋１-４-１,,東京都
東京都,銀座インズ２ ＡＴＭ,東京都中央区銀座西２丁目２番地先　１階,,東京都
東京都,日本橋高島屋Ｓ．Ｃ． ＡＴＭ,東京都中央区日本橋２-５-１　１階,,東京都
東京都,赤坂支店,東京都港区新橋１-１６-４,03-3582-3271,東京都
東京都,麻布支店,東京都港区麻布十番１-１１-８,03-3584-0961,東京都
東京都,芝支店,東京都港区芝大門１-１４-６,03-3431-1121,東京都
東京都,新橋支店,東京都港区新橋１-１６-４,03-3595-2111,東京都
東京都,田町支店,東京都港区芝４-１３-２,03-3452-1711,東京都
東京都,虎ノ門支店,東京都港区新橋１-１６-４,03-3502-3751,東京都
東京都,東京ミッドタウン支店,東京都港区赤坂９-７-１,03-3746-1001,東京都
東京都,赤坂支店 ＡＴＭ,東京都港区新橋１-１６-４,03-3582-3271,東京都
東京都,麻布支店 ＡＴＭ,東京都港区麻布十番１-１１-８,03-3584-0961,東京都
東京都,神谷町 ＡＴＭ,東京都港区虎ノ門５-１２-１,,東京都
東京都,品川駅前 ＡＴＭ,東京都港区高輪３-２３-１８,,東京都
東京都,芝支店 ＡＴＭ,東京都港区芝大門１-１４-６,03-3431-1121,東京都
東京都,新橋支店 ＡＴＭ,東京都港区新橋１-１６-４,03-3595-2111,東京都
東京都,田町支店 ＡＴＭ,東京都港区芝４-１３-２,03-3452-1711,東京都
東京都,虎ノ門支店 ＡＴＭ,東京都港区新橋１-１６-４,03-3502-3751,東京都
東京都,新橋駅汐留口 ＡＴＭ,東京都港区新橋２-２１-１,,東京都
東京都,東京ミッドタウン支店 ＡＴＭ,東京都港区赤坂９-７-１,03-3746-1001,東京都
東京都,プラザ地下１階 ＡＴＭ,東京都港区赤坂９-７-４,,東京都
東京都,東京メトロ表参道駅 ＡＴＭ,東京都港区北青山３-６-１２,,東京都
東京都,ヴィルマルシェ青山店 ＡＴＭ,東京都港区北青山２-１３-５　青山サンクレストビル１Ｆ,,東京都
東京都,日比谷フォートタワー地下１階 ＡＴＭ,東京都港区西新橋１-１-１,,東京都
東京都,日比谷フォートタワー地下２階 ＡＴＭ,東京都港区西新橋１-１-１,,東京都
東京都,神楽坂支店,東京都新宿区神楽坂６-７０,03-3269-0161,東京都
東京都,新宿支店,東京都新宿区西新宿６-１２-１新都心営業部内,03-3356-3231,東京都
東京都,新都心営業部,東京都新宿区西新宿６-１２-１,03-5323-3351,東京都
東京都,早稲田支店,東京都新宿区西早稲田１-１６-４,03-3203-0131,東京都
東京都,曙橋 ＡＴＭ,東京都新宿区住吉町１-１４,,東京都
東京都,飯田橋駅前 ＡＴＭ,東京都新宿区神楽坂１-１２-１,,東京都
東京都,神楽坂支店 ＡＴＭ,東京都新宿区神楽坂６-７０,03-3269-0161,東京都
東京都,新宿支店 ＡＴＭ,東京都新宿区西新宿６-１２-１新都心営業部内,03-3356-3231,東京都
東京都,新都心営業部 ＡＴＭ,東京都新宿区西新宿６-１２-１,03-5323-3351,東京都
東京都,東京オペラシティ ＡＴＭ,東京都新宿区西新宿３-２０-２,,東京都
東京都,若松町 ＡＴＭ,東京都新宿区若松町２８-２１,,東京都
東京都,早稲田支店 ＡＴＭ,東京都新宿区西早稲田１-１６-４,03-3203-0131,東京都
東京都,早大正門前 ＡＴＭ,東京都新宿区早稲田鶴巻町５１７,,東京都
東京都,四谷 ＡＴＭ,東京都新宿区四谷４-３-２９,,東京都
東京都,新宿大ガード西 ＡＴＭ,東京都新宿区西新宿７-１-３,,東京都
東京都,新宿駅新南口 ＡＴＭ,東京都新宿区新宿４-１-４,,東京都
東京都,東京メトロ飯田橋駅中央口 ＡＴＭ,東京都新宿区神楽坂１-１３,,東京都
東京都,東京メトロ丸ノ内線新宿三丁目駅 ＡＴＭ,東京都新宿区新宿３-１４-１,,東京都
東京都,東京メトロ新宿駅東口 ＡＴＭ,東京都新宿区西新宿１丁目西口地下街１号,,東京都
東京都,東京メトロ高田馬場駅 ＡＴＭ,東京都新宿区高田馬場１-３５-２,,東京都
東京都,新宿サブナード３丁目広場 ＡＴＭ,東京都新宿区歌舞伎町１丁目サブナード１号地下１階,,東京都
東京都,セブンデイズプラザ新宿西口 ＡＴＭ,東京都新宿区西新宿１-１０-２　１１０ビル,,東京都
東京都,新宿三丁目駅前 ＡＴＭ,東京都新宿区新宿３-２-１,,東京都
東京都,本郷支店,東京都文京区本郷２-２７-２０,03-3812-1251,東京都
東京都,茗荷谷支店,東京都文京区小石川５-５-５,03-3944-2131,東京都
東京都,白山 ＡＴＭ,東京都文京区本駒込１-２-５,,東京都
東京都,本郷支店 ＡＴＭ,東京都文京区本郷２-２７-２０,03-3812-1251,東京都
東京都,茗荷谷支店 ＡＴＭ,東京都文京区小石川５-５-５,03-3944-2131,東京都
東京都,東京メトロ後楽園駅南口 ＡＴＭ,東京都文京区春日１-２-３,,東京都
東京都,秋葉原支店,東京都台東区上野５-２５-１１　上野支店内,03-3866-1171,東京都
東京都,浅草支店,東京都台東区駒形１-４-１８,03-3844-4181,東京都
東京都,上野支店,東京都台東区上野５-２５-１１,03-3831-1161,東京都
東京都,秋葉原支店 ＡＴＭ,東京都台東区上野５-２５-１１　上野支店内,03-3866-1171,東京都
東京都,浅草支店 ＡＴＭ,東京都台東区駒形１-４-１８,03-3844-4181,東京都
東京都,上野支店 ＡＴＭ,東京都台東区上野５-２５-１１,03-3831-1161,東京都
東京都,鴬谷 ＡＴＭ,東京都台東区根岸３-１-１９,,東京都
東京都,東武浅草駅前 ＡＴＭ,東京都台東区浅草１-３４-１０,,東京都
東京都,上野マルイＢ２ ＡＴＭ,東京都台東区上野６-１５-１,,東京都
東京都,浅草橋 ＡＴＭ,東京都台東区柳橋１丁目４-４,,東京都
東京都,本所支店,東京都墨田区江東橋二丁目１２番８号錦糸町支店内,03-3634-1191,東京都
東京都,錦糸町支店,東京都墨田区江東橋２-１２-８,03-3632-1211,東京都
東京都,本所支店 ＡＴＭ,東京都墨田区江東橋二丁目１２番８号錦糸町支店内,03-3634-1191,東京都
東京都,向島 ＡＴＭ,東京都墨田区東向島３-３９-１０,,東京都
東京都,錦糸町駅北口改札内 ＡＴＭ,東京都墨田区江東橋３-１４-５,,東京都
東京都,錦糸町支店 ＡＴＭ,東京都墨田区江東橋２-１２-８,03-3632-1211,東京都
東京都,東京スカイツリータウンソラマチ店 ＡＴＭ,東京都墨田区押上１-１-２　ウエストヤード１Ｆ,,東京都
東京都,錦糸町駅南口 ＡＴＭ,東京都墨田区江東橋３-１４-５,,東京都
東京都,亀戸支店,東京都江東区亀戸２-２７-７,03-3683-5511,東京都
東京都,東陽町出張所,東京都江東区東陽４-１-１３,03-3615-8211,東京都
東京都,亀戸支店 ＡＴＭ,東京都江東区亀戸２-２７-７,03-3683-5511,東京都
東京都,東陽町出張所 ＡＴＭ,東京都江東区東陽４-１-１３,03-3615-8211,東京都
東京都,りそな東京本社 ＡＴＭ,東京都江東区木場１-５-６５　深川ギャザリアＷ２棟２階,,東京都
東京都,東京メトロ門前仲町駅西口 ＡＴＭ,東京都江東区門前仲町１-４-８,,東京都
東京都,東京メトロ新木場駅 ＡＴＭ,東京都江東区新木場１-６,,東京都
東京都,豊洲 ＡＴＭ,東京都江東区豊洲３-３-３豊洲センタービル１Ｆ,,東京都
東京都,五反田支店,東京都品川区西五反田１-２３-９,03-3492-3957,東京都
東京都,品川支店,東京都品川区南品川５-６-６,03-3474-0511,東京都
東京都,目黒駅前支店,東京都品川区上大崎３-２-１,03-3443-6651,東京都
東京都,大井町駅前 ＡＴＭ,東京都品川区大井１-２-１６,,東京都
東京都,ゲートシティ大崎 ＡＴＭ,東京都品川区大崎１-１１-１,,東京都
東京都,五反田支店 ＡＴＭ,東京都品川区西五反田１-２３-９,03-3492-3957,東京都
東京都,小山 ＡＴＭ,東京都品川区小山３-２-９,,東京都
東京都,品川支店 ＡＴＭ,東京都品川区南品川５-６-６,03-3474-0511,東京都
東京都,目黒駅前支店 ＡＴＭ,東京都品川区上大崎３-２-１,03-3443-6651,東京都
東京都,八潮パークタウン ＡＴＭ,東京都品川区八潮５-５-３,,東京都
東京都,学芸大学駅前支店,東京都目黒区鷹番３-３-２０,03-3712-3131,東京都
東京都,中目黒支店,東京都目黒区上目黒３-２-３,03-3713-2111,東京都
東京都,大鳥 ＡＴＭ,東京都目黒区目黒２-１０-１１,,東京都
東京都,学芸大学駅前支店 ＡＴＭ,東京都目黒区鷹番３-３-２０,03-3712-3131,東京都
東京都,中目黒支店 ＡＴＭ,東京都目黒区上目黒３-２-３,03-3713-2111,東京都
東京都,大森支店,東京都大田区大森北１-３０-３,03-3763-3311,東京都
東京都,蒲田支店,東京都大田区西蒲田５-２７-１０,03-3731-0101,東京都
東京都,大森支店 ＡＴＭ,東京都大田区大森北１-３０-３,03-3763-3311,東京都
東京都,蒲田支店 ＡＴＭ,東京都大田区西蒲田５-２７-１０,03-3731-0101,東京都
東京都,雪ケ谷 ＡＴＭ,東京都大田区東雪谷２-８-８,,東京都
東京都,イトーヨーカドー大森店 ＡＴＭ,東京都大田区大森北２-１３-１,,東京都
東京都,羽田空港第３旅客ターミナル ＡＴＭ,東京都大田区羽田空港２-６-５　３階,,東京都
東京都,羽田空港国内線第１旅客ターミナル ＡＴＭ,東京都大田区羽田空港３-３-２　１階,,東京都
東京都,豪徳寺支店,東京都世田谷区豪徳寺１-２４-８,03-3420-6151,東京都
東京都,世田谷支店,東京都世田谷区三軒茶屋２-１１-２２サンタワーズセンタービル２階,03-3410-1231,東京都
東京都,祖師谷支店,東京都世田谷区祖師谷３-１-２１,03-3482-3121,東京都
東京都,等々力支店,東京都世田谷区等々力３-１２-５,03-3702-0181,東京都
東京都,梅丘 ＡＴＭ,東京都世田谷区梅丘１-２４-１１,,東京都
東京都,豪徳寺支店 ＡＴＭ,東京都世田谷区豪徳寺１-２４-８,03-3420-6151,東京都
東京都,成城学園駅前 ＡＴＭ,東京都世田谷区成城２-３４-１３,,東京都
東京都,世田谷支店 ＡＴＭ,東京都世田谷区三軒茶屋２-１１-２２サンタワーズセンタービル２階,03-3410-1231,東京都
東京都,祖師谷支店 ＡＴＭ,東京都世田谷区祖師谷３-１-２１,03-3482-3121,東京都
東京都,等々力支店 ＡＴＭ,東京都世田谷区等々力３-１２-５,03-3702-0181,東京都
東京都,渋谷支店,東京都渋谷区渋谷２-２０-１１,03-3498-3211,東京都
東京都,渋谷インフォスタワー ＡＴＭ,東京都渋谷区桜丘町２０-１,,東京都
東京都,渋谷支店 ＡＴＭ,東京都渋谷区渋谷２-２０-１１,03-3498-3211,東京都
東京都,代々木駅前 ＡＴＭ,東京都渋谷区代々木１-３８-４,,東京都
東京都,笹塚ショッピングモールＴＷＥＮＴＹＯＮＥ ＡＴＭ,東京都渋谷区笹塚１-４８-１４,,東京都
東京都,新井薬師出張所,東京都中野区新井５-２３-１０,03-3319-6681,東京都
東京都,中野支店,東京都中野区中野２-３０-４,03-3381-7266,東京都
東京都,新井薬師出張所 ＡＴＭ,東京都中野区新井５-２３-１０,03-3319-6681,東京都
東京都,中野支店 ＡＴＭ,東京都中野区中野２-３０-４,03-3381-7266,東京都
東京都,井荻支店,東京都杉並区下井草５-１８-１２,03-3394-6811,東京都
東京都,荻窪支店,東京都杉並区天沼３-５-４,03-3391-2281,東京都
東京都,高円寺支店,東京都杉並区高円寺北２-１１-７,03-3337-1141,東京都
東京都,井荻支店 ＡＴＭ,東京都杉並区下井草５-１８-１２,03-3394-6811,東京都
東京都,荻窪支店 ＡＴＭ,東京都杉並区天沼３-５-４,03-3391-2281,東京都
東京都,高円寺支店 ＡＴＭ,東京都杉並区高円寺北２-１１-７,03-3337-1141,東京都
東京都,西荻窪駅前 ＡＴＭ,東京都杉並区西荻北２-３-９,,東京都
東京都,浜田山 ＡＴＭ,東京都杉並区浜田山３-３０-３,,東京都
東京都,サミットストア成田東店 ＡＴＭ,東京都杉並区成田東１-３５-１２,,東京都
東京都,池袋支店,東京都豊島区南池袋１-２１-５,03-3987-3111,東京都
東京都,大塚出張所,東京都豊島区南大塚２-４１-３,03-3941-1195,東京都
東京都,目白出張所,東京都豊島区目白３-１３-９,03-3953-1271,東京都
東京都,池袋支店 ＡＴＭ,東京都豊島区南池袋１-２１-５,03-3987-3111,東京都
東京都,大塚出張所 ＡＴＭ,東京都豊島区南大塚２-４１-３,03-3941-1195,東京都
東京都,東武ホープセンター ＡＴＭ,東京都豊島区西池袋１-１-３０,,東京都
東京都,目白出張所 ＡＴＭ,東京都豊島区目白３-１３-９,03-3953-1271,東京都
東京都,池袋駅東口 ＡＴＭ,東京都豊島区東池袋１-６-４,,東京都
東京都,池袋駅南通路 ＡＴＭ,東京都豊島区南池袋１-２８-１,,東京都
東京都,東武池袋駅南口 ＡＴＭ,東京都豊島区西池袋１-１-２１,,東京都
東京都,東武百貨店池袋店 ＡＴＭ,東京都豊島区西池袋１-１-２５,,東京都
東京都,都営地下鉄巣鴨駅 ＡＴＭ,東京都豊島区巣鴨３-２７-７,,東京都
東京都,王子支店,東京都北区王子１-１６-１,03-3911-0131,東京都
東京都,王子支店 ＡＴＭ,東京都北区王子１-１６-１,03-3911-0131,東京都
東京都,尾久駅前 ＡＴＭ,東京都北区昭和町２-７-１,,東京都
東京都,東十条 ＡＴＭ,東京都北区東十条４-５-２５,,東京都
東京都,日暮里支店,東京都荒川区西日暮里２-２９-３,03-3891-5161,東京都
東京都,日暮里支店 ＡＴＭ,東京都荒川区西日暮里２-２９-３,03-3891-5161,東京都
東京都,南千住 ＡＴＭ,東京都荒川区南千住４-１-１,,東京都
東京都,新三河島駅前 ＡＴＭ,東京都荒川区西日暮里６-１-１１,,東京都
東京都,板橋支店,東京都板橋区板橋３-１-１,03-3962-1131,東京都
東京都,常盤台支店,東京都板橋区常盤台２-６-６,03-3960-6101,東京都
東京都,成増支店,東京都板橋区成増２-２１-６,03-3930-3181,東京都
東京都,板橋支店 ＡＴＭ,東京都板橋区板橋３-１-１,03-3962-1131,東京都
東京都,上板橋駅南口 ＡＴＭ,東京都板橋区上板橋２-３６-１１,,東京都
東京都,常盤台支店 ＡＴＭ,東京都板橋区常盤台２-６-６,03-3960-6101,東京都
東京都,成増支店 ＡＴＭ,東京都板橋区成増２-２１-６,03-3930-3181,東京都
東京都,石神井支店,東京都練馬区石神井町３-２５-１２,03-3996-0641,東京都
東京都,練馬支店,東京都練馬区豊玉北６-１-１０,03-3991-1136,東京都
東京都,大泉学園駅前 ＡＴＭ,東京都練馬区東大泉１-２９-７,,東京都
東京都,石神井支店 ＡＴＭ,東京都練馬区石神井町３-２５-１２,03-3996-0641,東京都
東京都,練馬支店 ＡＴＭ,東京都練馬区豊玉北６-１-１０,03-3991-1136,東京都
東京都,練馬中村橋 ＡＴＭ,東京都練馬区中村北４-３-２,,東京都
東京都,ヨークマート石神井店 ＡＴＭ,東京都練馬区下石神井１-２-８,,東京都
東京都,いなげやｉｎａ２１練馬東大泉店 ＡＴＭ,東京都練馬区東大泉６-４８-１,,東京都
東京都,千住支店,東京都足立区千住２-５５,03-3882-5111,東京都
東京都,竹ノ塚支店,東京都足立区竹の塚１-３９-１４-１０２,03-3884-0611,東京都
東京都,西新井支店,東京都足立区梅島２-３-１２,03-3887-7811,東京都
東京都,足立 ＡＴＭ,東京都足立区梅田７-３４-１３-１０２,,東京都
東京都,東武北千住駅改札内 ＡＴＭ,東京都足立区千住旭町４２-１,,東京都
東京都,千住支店 ＡＴＭ,東京都足立区千住２-５５,03-3882-5111,東京都
東京都,竹の塚五丁目 ＡＴＭ,東京都足立区竹の塚５-７-３,,東京都
東京都,竹ノ塚支店 ＡＴＭ,東京都足立区竹の塚１-３９-１４-１０２,03-3884-0611,東京都
東京都,西新井支店 ＡＴＭ,東京都足立区梅島２-３-１２,03-3887-7811,東京都
東京都,花畑団地 ＡＴＭ,東京都足立区花畑４-３９-１３,,東京都
東京都,西友竹の塚店 ＡＴＭ,東京都足立区西竹の塚１-１１-２,,東京都
東京都,青戸支店,東京都葛飾区青戸３-３２-１６,03-3602-5141,東京都
東京都,金町支店,東京都葛飾区金町２-２９-１０,03-3607-3101,東京都
東京都,堀切支店,東京都葛飾区堀切４-９-５,03-3697-2191,東京都
東京都,青戸支店 ＡＴＭ,東京都葛飾区青戸３-３２-１６,03-3602-5141,東京都
東京都,金町支店 ＡＴＭ,東京都葛飾区金町２-２９-１０,03-3607-3101,東京都
東京都,堀切支店 ＡＴＭ,東京都葛飾区堀切４-９-５,03-3697-2191,東京都
東京都,江戸川南支店,東京都江戸川区一之江６-１９-８,03-3654-3211,東京都
東京都,小岩支店,東京都江戸川区南小岩６-３１-１０,03-3657-1131,東京都
東京都,西葛西支店,東京都江戸川区西葛西５-５-１,03-3686-7511,東京都
東京都,江戸川南支店 ＡＴＭ,東京都江戸川区一之江６-１９-８,03-3654-3211,東京都
東京都,小岩支店 ＡＴＭ,東京都江戸川区南小岩６-３１-１０,03-3657-1131,東京都
東京都,篠崎駅前 ＡＴＭ,東京都江戸川区篠崎町７-２０-１９,,東京都
東京都,西葛西支店 ＡＴＭ,東京都江戸川区西葛西５-５-１,03-3686-7511,東京都
東京都,平井駅北口 ＡＴＭ,東京都江戸川区平井５-２１-１２,,東京都
東京都,東小松川 ＡＴＭ,東京都江戸川区松江１-７-８,,東京都
東京都,ファスタ小岩 ＡＴＭ,東京都江戸川区南小岩６-３１-１０,,東京都
東京都,八王子支店,東京都八王子市横山町１９-１,042-642-0211,東京都
東京都,八王子支店 ＡＴＭ,東京都八王子市横山町１９-１,042-642-0211,東京都
東京都,イトーヨーカドー八王子店 ＡＴＭ,東京都八王子市狭間町１４６２-１,,東京都
東京都,八王子駅前 ＡＴＭ,東京都八王子市旭町１-１,,東京都
東京都,立川支店,東京都立川市柴崎町３-６-２９,042-522-4161,東京都
東京都,立川駅南口サザン１階 ＡＴＭ,東京都立川市柴崎町３-２-１,,東京都
東京都,立川支店 ＡＴＭ,東京都立川市柴崎町３-６-２９,042-522-4161,東京都
東京都,ららぽーと立川立飛 ＡＴＭ,東京都立川市泉町９３５-１　１階,,東京都
東京都,立川駅北 ＡＴＭ,東京都立川市曙町２-１１-２フロム中武１階,,東京都
東京都,ヤオコー立川若葉町店 ＡＴＭ,東京都立川市若葉町１-１２-１,,東京都
東京都,吉祥寺支店,東京都武蔵野市吉祥寺本町１-８-１０,0422-22-3601,東京都
東京都,吉祥寺支店 ＡＴＭ,東京都武蔵野市吉祥寺本町１-８-１０,0422-22-3601,東京都
東京都,八幡町 ＡＴＭ,東京都武蔵野市八幡町３-５-９,,東京都
東京都,ヨドバシ吉祥寺 ＡＴＭ,東京都武蔵野市吉祥寺本町１-１９-１,,東京都
東京都,三鷹駅南口 ＡＴＭ,東京都三鷹市下連雀３-４６-１,,東京都
東京都,三鷹台 ＡＴＭ,東京都三鷹市牟礼３-１１-１,,東京都
東京都,河辺支店,東京都青梅市河辺町１０-２-９,0428-24-2401,東京都
東京都,東青梅支店,東京都青梅市東青梅２-１７-４,0428-22-2121,東京都
東京都,青梅 ＡＴＭ,東京都青梅市仲町２９５,,東京都
東京都,青梅市役所 ＡＴＭ,東京都青梅市東青梅１-１１-１,,東京都
東京都,河辺駅南口 ＡＴＭ,東京都青梅市河辺町５-９-２,,東京都
東京都,河辺支店 ＡＴＭ,東京都青梅市河辺町１０-２-９,0428-24-2401,東京都
東京都,バリュー新町店 ＡＴＭ,東京都青梅市新町２-３４-１,,東京都
東京都,東青梅駅北口 ＡＴＭ,東京都青梅市東青梅２-１４-４１,,東京都
東京都,東青梅支店 ＡＴＭ,東京都青梅市東青梅２-１７-４,0428-22-2121,東京都
東京都,東府中支店,東京都府中市若松町１-３-４,042-363-6111,東京都
東京都,府中中河原支店,東京都府中市住吉町４-１０-１１,042-366-3121,東京都
東京都,東府中支店 ＡＴＭ,東京都府中市若松町１-３-４,042-363-6111,東京都
東京都,府中中河原支店 ＡＴＭ,東京都府中市住吉町４-１０-１１,042-366-3121,東京都
東京都,府中駅前 ＡＴＭ,東京都府中市宮町１-１００ル・シーニュ２階,,東京都
東京都,昭島支店,東京都昭島市昭和町５-４-１５,042-545-1234,東京都
東京都,昭島支店 ＡＴＭ,東京都昭島市昭和町５-４-１５,042-545-1234,東京都
東京都,拝島駅 ＡＴＭ,東京都昭島市松原町４-１４-４,,東京都
東京都,調布支店,東京都調布市小島町１-１２-６,042-486-5151,東京都
東京都,調布支店 ＡＴＭ,東京都調布市小島町１-１２-６,042-486-5151,東京都
東京都,成瀬支店,東京都町田市南成瀬１-１-１,042-728-5211,東京都
東京都,町田中央支店,東京都町田市中町１-１-１６,042-720-7211,東京都
東京都,成瀬支店 ＡＴＭ,東京都町田市南成瀬１-１-１,042-728-5211,東京都
東京都,本町田 ＡＴＭ,東京都町田市藤の台一丁目１番５２-１０４,,東京都
東京都,町田中央支店 ＡＴＭ,東京都町田市中町１-１-１６,042-720-7211,東京都
東京都,ヨドバシカメラ町田駅前店 ＡＴＭ,東京都町田市原町田１-１-１１,,東京都
東京都,小田急町田駅南 ＡＴＭ,東京都町田市原町田６-１１-１４,,東京都
東京都,小平支店,東京都小平市学園東町１-４-３７,042-341-2511,東京都
東京都,花小金井支店,東京都小平市花小金井１-１-８,042-467-6611,東京都
東京都,小平駅前 ＡＴＭ,東京都小平市美園町１-３３-１,,東京都
東京都,小平支店 ＡＴＭ,東京都小平市学園東町１-４-３７,042-341-2511,東京都
東京都,小平市役所 ＡＴＭ,東京都小平市小川町２-１３３３,,東京都
東京都,小平東 ＡＴＭ,東京都小平市喜平町３-２-３２,,東京都
東京都,新小平駅前 ＡＴＭ,東京都小平市小川町２-１９５９-３,,東京都
東京都,花小金井駅南口 ＡＴＭ,東京都小平市花小金井１-１０-５,,東京都
東京都,花小金井支店 ＡＴＭ,東京都小平市花小金井１-１-８,042-467-6611,東京都
東京都,豊田駅北口 ＡＴＭ,東京都日野市多摩平１-１ファミーユ京王１階,,東京都
東京都,久米川支店,東京都東村山市栄町２-８-２０,042-393-2111,東京都
東京都,東村山支店,東京都東村山市野口町１-３-１,042-393-1101,東京都
東京都,久米川支店 ＡＴＭ,東京都東村山市栄町２-８-２０,042-393-2111,東京都
東京都,新秋津駅前 ＡＴＭ,東京都東村山市秋津町５-１３-９２,,東京都
東京都,東村山支店 ＡＴＭ,東京都東村山市野口町１-３-１,042-393-1101,東京都
東京都,東村山市役所 ＡＴＭ,東京都東村山市本町１-２-３,,東京都
東京都,本町 ＡＴＭ,東京都東村山市本町２-２０-９３,,東京都
東京都,国立支店,東京都国立市中１-９-３０国立せきやビル４階,042-572-8181,東京都
東京都,国立支店 ＡＴＭ,東京都国立市中１-９-３０国立せきやビル４階,042-572-8181,東京都
東京都,国立せきやビル１階 ＡＴＭ,東京都国立市中１-９-３０,,東京都
東京都,国立せきやビル４階 ＡＴＭ,東京都国立市中１-９-３０,,東京都
東京都,福生支店,東京都福生市福生１０４８,042-551-1021,東京都
東京都,福生支店 ＡＴＭ,東京都福生市福生１０４８,042-551-1021,東京都
東京都,いなげや狛江東野川店 ＡＴＭ,東京都狛江市東野川３-１-６,,東京都
東京都,東大和支店,東京都東大和市中央３-８５３-２,042-565-5311,東京都
東京都,東大和市駅前 ＡＴＭ,東京都東大和市桜が丘１-１３３０-１９,,東京都
東京都,東大和支店 ＡＴＭ,東京都東大和市中央３-８５３-２,042-565-5311,東京都
東京都,東大和市役所 ＡＴＭ,東京都東大和市中央３-９３０,,東京都
東京都,清瀬支店,東京都清瀬市元町１-２-１１,042-491-3515,東京都
東京都,いなげや秋津駅前店 ＡＴＭ,東京都清瀬市野塩１-３３７-１,,東京都
東京都,清瀬支店 ＡＴＭ,東京都清瀬市元町１-２-１１,042-491-3515,東京都
東京都,清瀬市役所 ＡＴＭ,東京都清瀬市中里５-８４２,,東京都
東京都,東久留米支店,東京都東久留米市本町１-４-１,042-471-3201,東京都
東京都,東久留米滝山支店,東京都東久留米市滝山４-１-２６,042-471-7611,東京都
東京都,イトーヨーカドー東久留米店 ＡＴＭ,東京都東久留米市本町３-８-１,,東京都
東京都,東久留米駅東口 ＡＴＭ,東京都東久留米市東本町１-８,,東京都
東京都,東久留米支店 ＡＴＭ,東京都東久留米市本町１-４-１,042-471-3201,東京都
東京都,東久留米滝山支店 ＡＴＭ,東京都東久留米市滝山４-１-２６,042-471-7611,東京都
東京都,東久留米団地 ＡＴＭ,東京都東久留米市神宝町２-１１-１６,,東京都
東京都,イオンモール東久留米 ＡＴＭ,東京都東久留米市南沢５-１７-６２　１階,,東京都
東京都,村山支店,東京都武蔵村山市本町４-８-３,042-561-1211,東京都
東京都,武蔵村山市役所 ＡＴＭ,東京都武蔵村山市本町１-１-１,,東京都
東京都,村山支店 ＡＴＭ,東京都武蔵村山市本町４-８-３,042-561-1211,東京都
東京都,イオンモールむさし村山 ＡＴＭ,東京都武蔵村山市榎１-１-３,,東京都
東京都,イオンモールむさし村山サウスコート ＡＴＭ,東京都武蔵村山市榎１-１-３,,東京都
東京都,小作駅前 ＡＴＭ,東京都羽村市小作台１-２-１５,,東京都
東京都,羽村 ＡＴＭ,東京都羽村市五ノ神４-１３-１０,,東京都
東京都,あきる野支店,東京都あきる野市秋川２-１８-３,042-558-2611,東京都
東京都,五日市出張所,東京都あきる野市五日市８４０-１,042-596-1311,東京都
東京都,あきる野支店 ＡＴＭ,東京都あきる野市秋川２-１８-３,042-558-2611,東京都
東京都,あきる野市役所 ＡＴＭ,東京都あきる野市二宮３５０,,東京都
東京都,五日市出張所 ＡＴＭ,東京都あきる野市五日市８４０-１,042-596-1311,東京都
東京都,公立阿伎留医療センター ＡＴＭ,東京都あきる野市引田７８-１,,東京都
東京都,田無支店,東京都西東京市田無町４-１-２,042-461-1411,東京都
東京都,ひばりヶ丘支店,東京都西東京市谷戸町３-２７-２０,042-422-5111,東京都
東京都,田無支店 ＡＴＭ,東京都西東京市田無町４-１-２,042-461-1411,東京都
東京都,ひばりヶ丘駅北口 ＡＴＭ,東京都西東京市ひばりが丘北３-３-１４,,東京都
東京都,ひばりヶ丘支店 ＡＴＭ,東京都西東京市谷戸町３-２７-２０,042-422-5111,東京都
東京都,日の出町役場 ＡＴＭ,東京都西多摩郡日の出町大字平井２７８０,,東京都
神奈川県,鶴見支店,神奈川県横浜市鶴見区鶴見中央４-２７-１,045-503-2211,神奈川県
神奈川県,鶴見駅西口 ＡＴＭ,神奈川県横浜市鶴見区豊岡町３-２７,,神奈川県
神奈川県,鶴見支店 ＡＴＭ,神奈川県横浜市鶴見区鶴見中央４-２７-１,045-503-2211,神奈川県
神奈川県,矢向駅 ＡＴＭ,神奈川県横浜市鶴見区矢向６-５-６,,神奈川県
神奈川県,大口通商店街 ＡＴＭ,神奈川県横浜市神奈川区大口通３５-７,,神奈川県
神奈川県,子安駅前 ＡＴＭ,神奈川県横浜市神奈川区子安通１-５-６,,神奈川県
神奈川県,戸部出張所,神奈川県横浜市西区浜松町１-１８,045-231-3131,神奈川県
神奈川県,横浜西口支店,神奈川県横浜市西区北幸１-１１-７,045-323-6511,神奈川県
神奈川県,戸部出張所 ＡＴＭ,神奈川県横浜市西区浜松町１-１８,045-231-3131,神奈川県
神奈川県,横浜西口支店 ＡＴＭ,神奈川県横浜市西区北幸１-１１-７,045-323-6511,神奈川県
神奈川県,横浜駅西口地下街第１ ＡＴＭ,神奈川県横浜市西区南幸１-４-Ｂ１,,神奈川県
神奈川県,横浜駅西口地下街第２ ＡＴＭ,神奈川県横浜市西区南幸１-４-Ｂ１,,神奈川県
神奈川県,横浜支店,神奈川県横浜市中区常盤町４-５４,045-661-1111,神奈川県
神奈川県,日本大通 ＡＴＭ,神奈川県横浜市中区日本大通１７,,神奈川県
神奈川県,横浜支店 ＡＴＭ,神奈川県横浜市中区常盤町４-５４,045-661-1111,神奈川県
神奈川県,弘明寺支店,神奈川県横浜市南区通町２-３５,045-731-5741,神奈川県
神奈川県,井土ヶ谷 ＡＴＭ,神奈川県横浜市南区井土ヶ谷中町１６１-６,,神奈川県
神奈川県,弘明寺支店 ＡＴＭ,神奈川県横浜市南区通町２-３５,045-731-5741,神奈川県
神奈川県,保土ケ谷駅ビル ＡＴＭ,神奈川県横浜市保土ケ谷区岩井町１-７,,神奈川県
神奈川県,クスリのカツマタ和田町店 ＡＴＭ,神奈川県横浜市保土ケ谷区星川３丁目８-１,,神奈川県
神奈川県,磯子支店,神奈川県横浜市磯子区中浜町１４-１６,045-751-3141,神奈川県
神奈川県,磯子支店 ＡＴＭ,神奈川県横浜市磯子区中浜町１４-１６,045-751-3141,神奈川県
神奈川県,根岸駅前 ＡＴＭ,神奈川県横浜市磯子区東町１７-３０,,神奈川県
神奈川県,金沢文庫出張所,神奈川県横浜市金沢区泥亀２-１３-１,045-701-1331,神奈川県
神奈川県,金沢文庫駅前 ＡＴＭ,神奈川県横浜市金沢区谷津町３８０-３,,神奈川県
神奈川県,金沢文庫出張所 ＡＴＭ,神奈川県横浜市金沢区泥亀２-１３-１,045-701-1331,神奈川県
神奈川県,新横浜支店,神奈川県横浜市港北区新横浜３-８-１２,045-475-2561,神奈川県
神奈川県,綱島支店,神奈川県横浜市港北区綱島西１-７-４,045-541-5411,神奈川県
神奈川県,妙蓮寺出張所,神奈川県横浜市港北区菊名１-７-２３,045-433-1221,神奈川県
神奈川県,大倉山駅前 ＡＴＭ,神奈川県横浜市港北区大倉山３-１-８,,神奈川県
神奈川県,菊名駅前 ＡＴＭ,神奈川県横浜市港北区菊名６-１-４,,神奈川県
神奈川県,新横浜支店 ＡＴＭ,神奈川県横浜市港北区新横浜３-８-１２,045-475-2561,神奈川県
神奈川県,綱島支店 ＡＴＭ,神奈川県横浜市港北区綱島西１-７-４,045-541-5411,神奈川県
神奈川県,妙蓮寺出張所 ＡＴＭ,神奈川県横浜市港北区菊名１-７-２３,045-433-1221,神奈川県
神奈川県,日吉駅西口 ＡＴＭ,神奈川県横浜市港北区日吉２-２-１８,,神奈川県
神奈川県,新横浜駅 ＡＴＭ,神奈川県横浜市港北区新横浜２-１００-４５キュービックプラザ新横浜１階,,神奈川県
神奈川県,戸塚支店,神奈川県横浜市戸塚区戸塚町１６-１,045-871-4041,神奈川県
神奈川県,戸塚支店 ＡＴＭ,神奈川県横浜市戸塚区戸塚町１６-１,045-871-4041,神奈川県
神奈川県,トツカーナ ＡＴＭ,神奈川県横浜市戸塚区戸塚町１６-１,,神奈川県
神奈川県,上大岡支店,神奈川県横浜市港南区上大岡西１-１４-６,045-842-3641,神奈川県
神奈川県,上大岡支店 ＡＴＭ,神奈川県横浜市港南区上大岡西１-１４-６,045-842-3641,神奈川県
神奈川県,ドン・キホーテ二俣川店 ＡＴＭ,神奈川県横浜市旭区二俣川１-４３-２８,,神奈川県
神奈川県,そうてつローゼン南まきが原店 ＡＴＭ,神奈川県横浜市旭区柏町１３０-１,,神奈川県
神奈川県,中山 ＡＴＭ,神奈川県横浜市緑区中山一丁目２７番６号,,神奈川県
神奈川県,三ッ境支店,神奈川県横浜市瀬谷区三ツ境１０５-５,045-362-5111,神奈川県
神奈川県,三ッ境支店 ＡＴＭ,神奈川県横浜市瀬谷区三ツ境１０５-５,045-362-5111,神奈川県
神奈川県,本郷台駅前 ＡＴＭ,神奈川県横浜市栄区小菅ヶ谷１-４-７,,神奈川県
神奈川県,たまプラーザ支店,神奈川県横浜市青葉区美しが丘１-９-１７,045-901-7311,神奈川県
神奈川県,たまプラーザ支店 ＡＴＭ,神奈川県横浜市青葉区美しが丘１-９-１７,045-901-7311,神奈川県
神奈川県,青葉台 ＡＴＭ,神奈川県横浜市青葉区青葉台２-８-２０,,神奈川県
神奈川県,港北ニュータウン支店,神奈川県横浜市都筑区中川中央１-３１-１モザイクモール港北１階,045-913-3061,神奈川県
神奈川県,港北ニュータウン支店 ＡＴＭ,神奈川県横浜市都筑区中川中央１-３１-１モザイクモール港北１階,045-913-3061,神奈川県
神奈川県,昭和大学横浜市北部病院 ＡＴＭ,神奈川県横浜市都筑区茅ケ崎中央３５-１,,神奈川県
神奈川県,センター北駅 ＡＴＭ,神奈川県横浜市都筑区中川中央１-１-１,,神奈川県
神奈川県,仲町台駅前 ＡＴＭ,神奈川県横浜市都筑区仲町台１-７-１２,,神奈川県
神奈川県,センター南駅 ＡＴＭ,神奈川県横浜市都筑区茅ケ崎中央１番１号,,神奈川県
神奈川県,モザイクモール港北Ｂ１Ｆ ＡＴＭ,神奈川県横浜市都筑区中川中央一丁目３１番１号,,神奈川県
神奈川県,川崎支店,神奈川県川崎市川崎区砂子２-５-１１,044-245-2111,神奈川県
神奈川県,貝塚一丁目 ＡＴＭ,神奈川県川崎市川崎区貝塚１-１３-１,,神奈川県
神奈川県,川崎支店 ＡＴＭ,神奈川県川崎市川崎区砂子２-５-１１,044-245-2111,神奈川県
神奈川県,川崎アゼリア ＡＴＭ,神奈川県川崎市川崎区駅前本町２６-２,,神奈川県
神奈川県,新川崎支店,神奈川県川崎市幸区鹿島田１-１-３,044-541-4371,神奈川県
神奈川県,新川崎支店 ＡＴＭ,神奈川県川崎市幸区鹿島田１-１-３,044-541-4371,神奈川県
神奈川県,鹿島田駅 ＡＴＭ,神奈川県川崎市幸区鹿島田１-１７-１４,,神奈川県
神奈川県,ららテラス武蔵小杉 ＡＴＭ,神奈川県川崎市中原区新丸子東３-１３０２,,神奈川県
神奈川県,かながわサイエンスパーク ＡＴＭ,神奈川県川崎市高津区坂戸３-２-１,,神奈川県
神奈川県,新百合ヶ丘支店,神奈川県川崎市麻生区上麻生１-５-１,044-954-5111,神奈川県
神奈川県,新百合ヶ丘支店 ＡＴＭ,神奈川県川崎市麻生区上麻生１-５-１,044-954-5111,神奈川県
神奈川県,橋本支店,神奈川県相模原市緑区橋本３-３０-３,042-772-7345,神奈川県
神奈川県,いなげや相模原下九沢店 ＡＴＭ,神奈川県相模原市緑区下九沢１７７９-１,,神奈川県
神奈川県,橋本駅南口 ＡＴＭ,神奈川県相模原市緑区橋本２-２-１,,神奈川県
神奈川県,橋本支店 ＡＴＭ,神奈川県相模原市緑区橋本３-３０-３,042-772-7345,神奈川県
神奈川県,コピオ城山 ＡＴＭ,神奈川県相模原市緑区原宿３-１０-１,,神奈川県
神奈川県,相模大野支店,神奈川県相模原市南区相模大野３-２-１-１０４,042-744-6311,神奈川県
神奈川県,古淵 ＡＴＭ,神奈川県相模原市南区古淵２-１７-３,,神奈川県
神奈川県,相模大野支店 ＡＴＭ,神奈川県相模原市南区相模大野３-２-１-１０４,042-744-6311,神奈川県
神奈川県,横須賀支店,神奈川県横須賀市若松町３-１４-８,046-823-1600,神奈川県
神奈川県,神奈川歯科大学付属病院 ＡＴＭ,神奈川県横須賀市小川町１番地２３,,神奈川県
神奈川県,久里浜 ＡＴＭ,神奈川県横須賀市久里浜４-６-１２,,神奈川県
神奈川県,佐原 ＡＴＭ,神奈川県横須賀市佐原１-７-３,,神奈川県
神奈川県,湘南ハイランド ＡＴＭ,神奈川県横須賀市ハイランド１-５６-１,,神奈川県
神奈川県,横須賀支店 ＡＴＭ,神奈川県横須賀市若松町３-１４-８,046-823-1600,神奈川県
神奈川県,横須賀市役所 ＡＴＭ,神奈川県横須賀市小川町１２,,神奈川県
神奈川県,大船支店,神奈川県鎌倉市大船１-２２-５,0467-46-2111,神奈川県
神奈川県,西鎌倉出張所,神奈川県鎌倉市西鎌倉１-１-５,0467-31-0123,神奈川県
神奈川県,大船支店 ＡＴＭ,神奈川県鎌倉市大船１-２２-５,0467-46-2111,神奈川県
神奈川県,西鎌倉出張所 ＡＴＭ,神奈川県鎌倉市西鎌倉１-１-５,0467-31-0123,神奈川県
神奈川県,長後支店,神奈川県藤沢市下土棚５１０-１３,0466-43-1231,神奈川県
神奈川県,藤沢支店,神奈川県藤沢市藤沢５５５,0466-23-3111,神奈川県
神奈川県,長後駅東口 ＡＴＭ,神奈川県藤沢市下土棚４６７-４,,神奈川県
神奈川県,長後支店 ＡＴＭ,神奈川県藤沢市下土棚５１０-１３,0466-43-1231,神奈川県
神奈川県,藤沢駅南口 ＡＴＭ,神奈川県藤沢市南藤沢２０-１０,,神奈川県
神奈川県,藤沢支店 ＡＴＭ,神奈川県藤沢市藤沢５５５,0466-23-3111,神奈川県
神奈川県,小田原支店,神奈川県小田原市栄町２-９-１,0465-22-1321,神奈川県
神奈川県,小田原支店 ＡＴＭ,神奈川県小田原市栄町２-９-１,0465-22-1321,神奈川県
神奈川県,茅ヶ崎駅南口 ＡＴＭ,神奈川県茅ヶ崎市元町１-１,,神奈川県
神奈川県,三浦 ＡＴＭ,神奈川県三浦市栄町３-３,,神奈川県
神奈川県,厚木支店,神奈川県厚木市旭町１-２５-１-１０１,046-228-1811,神奈川県
神奈川県,厚木支店 ＡＴＭ,神奈川県厚木市旭町１-２５-１-１０１,046-228-1811,神奈川県
神奈川県,鶴間支店,神奈川県大和市西鶴間１-３-５,046-274-5151,神奈川県
神奈川県,鶴間支店 ＡＴＭ,神奈川県大和市西鶴間１-３-５,046-274-5151,神奈川県
神奈川県,南林間東口 ＡＴＭ,神奈川県大和市林間１-５-８,,神奈川県
神奈川県,伊勢原支店,神奈川県伊勢原市伊勢原１-３-６,0463-92-1511,神奈川県
神奈川県,伊勢原支店 ＡＴＭ,神奈川県伊勢原市伊勢原１-３-６,0463-92-1511,神奈川県
神奈川県,海老名支店,神奈川県海老名市中央１-４-２２,046-233-6511,神奈川県
神奈川県,海老名支店 ＡＴＭ,神奈川県海老名市中央１-４-２２,046-233-6511,神奈川県
神奈川県,かしわ台 ＡＴＭ,神奈川県海老名市柏ケ谷７０６-３,,神奈川県
神奈川県,ららぽーと海老名 ＡＴＭ,神奈川県海老名市扇町１３-１　１階,,神奈川県
神奈川県,相模原 ＡＴＭ,神奈川県座間市相模が丘１-２４-１５,,神奈川県
神奈川県,綾瀬市役所 ＡＴＭ,神奈川県綾瀬市早川５５０,,神奈川県
神奈川県,上土棚 ＡＴＭ,神奈川県綾瀬市上土棚南１-１１-３,,神奈川県
神奈川県,愛川 ＡＴＭ,神奈川県愛甲郡愛川町中津４０６１-２０,,神奈川県
新潟県,長岡支店,新潟県長岡市大手通２-４-１０,0258-36-4090,新潟県
新潟県,長岡支店 ＡＴＭ,新潟県長岡市大手通２-４-１０,0258-36-4090,新潟県
山梨県,甲府支店,山梨県甲府市丸の内２-３０-１,055-222-5155,山梨県
山梨県,甲府支店 ＡＴＭ,山梨県甲府市丸の内２-３０-１,055-222-5155,山梨県
長野県,松本支店,長野県松本市中央２-５-６,0263-32-3456,長野県
長野県,松本支店 ＡＴＭ,長野県松本市中央２-５-６,0263-32-3456,長野県
静岡県,静岡 ＡＴＭ,静岡県静岡市葵区伝馬町６-１８,,静岡県
静岡県,浜松支店,静岡県浜松市中央区田町２２４-３１,053-453-0156,静岡県
静岡県,グランドホテル浜松 ＡＴＭ,静岡県浜松市中央区東伊場１-３-１,,静岡県
静岡県,聖隷三方原病院 ＡＴＭ,静岡県浜松市中央区三方原町３４５３,,静岡県
静岡県,浜松支店 ＡＴＭ,静岡県浜松市中央区田町２２４-３１,053-453-0156,静岡県
静岡県,聖隷浜松病院共同 ＡＴＭ,静岡県浜松市中央区住吉２-１２-１２,,静岡県
静岡県,しずてつストア富士吉原店 ＡＴＭ,静岡県富士市浅間本町１-４９,,静岡県
愛知県,今池支店,愛知県名古屋市千種区今池５-１-５,052-732-5311,愛知県
愛知県,今池支店 ＡＴＭ,愛知県名古屋市千種区今池５-１-５,052-732-5311,愛知県
愛知県,大曽根 ＡＴＭ,愛知県名古屋市東区矢田南５-２-６２,,愛知県
愛知県,名古屋駅前支店,愛知県名古屋市中村区名駅一丁目１番３号ＪＲゲートタワー２９階,052-541-2266,愛知県
愛知県,名古屋駅前支店 ＡＴＭ,愛知県名古屋市中村区名駅一丁目１番３号ＪＲゲートタワー２９階,052-541-2266,愛知県
愛知県,名古屋三井ビルディング新館１階 ＡＴＭ,愛知県名古屋市中村区名駅南１-２４-２０,,愛知県
愛知県,名鉄名古屋駅 ＡＴＭ,愛知県名古屋市中村区名駅１-２-１,,愛知県
愛知県,ＪＲセントラルタワーズ桜通口 ＡＴＭ,愛知県名古屋市中村区名駅１-１-４　１階,,愛知県
愛知県,ＪＲゲートタワー ＡＴＭ,愛知県名古屋市中村区名駅１-１-３　２階,,愛知県
愛知県,赤門通支店,愛知県名古屋市中区大須３-３０-２０,052-241-4101,愛知県
愛知県,名古屋支店,愛知県名古屋市中区錦２-１４-１９,052-201-8511,愛知県
愛知県,赤門通支店 ＡＴＭ,愛知県名古屋市中区大須３-３０-２０,052-241-4101,愛知県
愛知県,栄 ＡＴＭ,愛知県名古屋市中区錦３-２４-２４,,愛知県
愛知県,名古屋支店 ＡＴＭ,愛知県名古屋市中区錦２-１４-１９,052-201-8511,愛知県
愛知県,滝子 ＡＴＭ,愛知県名古屋市昭和区滝子通２-１４-１,,愛知県
愛知県,熱田 ＡＴＭ,愛知県名古屋市熱田区伝馬１丁目４番１２号,,愛知県
愛知県,尾張一宮駅前 ＡＴＭ,愛知県一宮市栄３-２-１３,,愛知県
愛知県,春日井 ＡＴＭ,愛知県春日井市鳥居松町５-６１,,愛知県
三重県,津支店,三重県津市東丸之内２０-１２,059-226-5106,三重県
三重県,津支店 ＡＴＭ,三重県津市東丸之内２０-１２,059-226-5106,三重県
三重県,四日市 ＡＴＭ,三重県四日市市安島１-１-５６,,三重県
滋賀県,ビエラ大津 ＡＴＭ,滋賀県大津市春日町１番３号１階,,滋賀県
滋賀県,彦根支店,滋賀県彦根市中央町６-１８,0749-22-2121,滋賀県
滋賀県,彦根支店 ＡＴＭ,滋賀県彦根市中央町６-１８,0749-22-2121,滋賀県
滋賀県,ブリヂストン彦根生活協同組合 ＡＴＭ,滋賀県彦根市高宮町２１１,,滋賀県
滋賀県,パナソニック前岡町 ＡＴＭ,滋賀県彦根市岡町３３,,滋賀県
京都府,下鴨 ＡＴＭ,京都府京都市左京区下鴨西本町３２,,京都
京都府,四条大宮支店,京都府京都市中京区大宮通錦小路下ル錦大宮町１２４-２,075-841-5371,京都
京都府,千本支店,京都府京都市中京区聚楽廻東町３-３,075-841-5325,京都
京都府,京都支店,京都府京都市中京区烏丸通四条上ル笋町６９１,075-221-1141,京都
京都府,四条大宮支店 ＡＴＭ,京都府京都市中京区大宮通錦小路下ル錦大宮町１２４-２,075-841-5371,京都
京都府,千本支店 ＡＴＭ,京都府京都市中京区聚楽廻東町３-３,075-841-5325,京都
京都府,京都支店 ＡＴＭ,京都府京都市中京区烏丸通四条上ル笋町６９１,075-221-1141,京都
京都府,祇園 ＡＴＭ,京都府京都市東山区四条通大和大路西入中之町２１６,,京都
京都府,朱雀 ＡＴＭ,京都府京都市下京区朱雀北ノ口町２９-２,,京都
京都府,ＪＲ京都駅 ＡＴＭ,京都府京都市下京区烏丸通塩小路下ル東塩小路町,,京都
京都府,京都ヨドバシ ＡＴＭ,京都府京都市下京区烏丸通七条下る東塩小路町５９０-２地下１階,,京都
京都府,向日 ＡＴＭ,京都府向日市寺戸町初田２７-３,,京都
京都府,長岡天神支店,京都府長岡京市長岡２-３０-１９,075-951-6366,京都
京都府,長岡天神支店 ＡＴＭ,京都府長岡京市長岡２-３０-１９,075-951-6366,京都
京都府,松井山手出張所,京都府京田辺市山手中央１-１２,0774-63-4241,京都
京都府,松井山手出張所 ＡＴＭ,京都府京田辺市山手中央１-１２,0774-63-4241,京都
京都府,アル・プラザ木津 ＡＴＭ,京都府木津川市相楽城西１５,,京都
大阪府,京阪京橋支店,大阪府大阪市都島区東野田町２-２-１０都島住宅京橋ビル４階,06-6353-2121,大阪府
大阪府,都島支店,大阪府大阪市都島区都島本通３-２２-１１,06-6921-7731,大阪府
大阪府,京阪京橋支店 ＡＴＭ,大阪府大阪市都島区東野田町２-２-１０都島住宅京橋ビル４階,06-6353-2121,大阪府
大阪府,都島支店 ＡＴＭ,大阪府大阪市都島区都島本通３-２２-１１,06-6921-7731,大阪府
大阪府,京阪モール前 ＡＴＭ,大阪府大阪市都島区東野田町２-３-２１,,大阪府
大阪府,野田支店,大阪府大阪市福島区大開１-１-１２,06-6462-5331,大阪府
大阪府,福島支店,大阪府大阪市福島区福島３-１４-２１,06-6451-1831,大阪府
大阪府,野田支店 ＡＴＭ,大阪府大阪市福島区大開１-１-１２,06-6462-5331,大阪府
大阪府,福島駅前 ＡＴＭ,大阪府大阪市福島区福島２-８-２３,,大阪府
大阪府,福島支店 ＡＴＭ,大阪府大阪市福島区福島３-１４-２１,06-6451-1831,大阪府
大阪府,地下鉄野田阪神駅 ＡＴＭ,大阪府大阪市福島区大開１-４-１８,,大阪府
大阪府,高見フローラルタウン ＡＴＭ,大阪府大阪市此花区高見１-４-５０,,大阪府
大阪府,大阪西区支店,大阪府大阪市西区立売堀３-１-１４,06-6531-8131,大阪府
大阪府,大阪西区支店 ＡＴＭ,大阪府大阪市西区立売堀３-１-１４,06-6531-8131,大阪府
大阪府,ドームシティガスビル ＡＴＭ,大阪府大阪市西区千代崎３-南２-３７,,大阪府
大阪府,ナインモール九条 ＡＴＭ,大阪府大阪市西区九条１-１６-２６,,大阪府
大阪府,なにわ筋 ＡＴＭ,大阪府大阪市西区新町１-２８-１１,,大阪府
大阪府,西長堀駅前 ＡＴＭ,大阪府大阪市西区南堀江３-１２-１７,,大阪府
大阪府,四ツ橋駅前 ＡＴＭ,大阪府大阪市西区北堀江１-１-２９,,大阪府
大阪府,地下鉄ドーム前千代崎駅 ＡＴＭ,大阪府大阪市西区千代崎三丁目北-２-８,,大阪府
大阪府,市岡支店,大阪府大阪市港区磯路１-３-３,06-6572-8881,大阪府
大阪府,市岡支店 ＡＴＭ,大阪府大阪市港区磯路１-３-３,06-6572-8881,大阪府
大阪府,大正支店,大阪府大阪市大正区千島２-５-１５,06-6554-2211,大阪府
大阪府,大正駅前 ＡＴＭ,大阪府大阪市大正区三軒家東１-２-７,,大阪府
大阪府,大正支店 ＡＴＭ,大阪府大阪市大正区千島２-５-１５,06-6554-2211,大阪府
大阪府,上六支店,大阪府大阪市天王寺区上本町６-５-１３,06-6772-1151,大阪府
大阪府,上本町駅前 ＡＴＭ,大阪府大阪市天王寺区上本町６-２-２６,,大阪府
大阪府,上六支店 ＡＴＭ,大阪府大阪市天王寺区上本町６-５-１３,06-6772-1151,大阪府
大阪府,大阪赤十字病院 ＡＴＭ,大阪府大阪市天王寺区筆ヶ崎町５-３０,,大阪府
大阪府,寺田町駅前 ＡＴＭ,大阪府大阪市天王寺区大道４-１０-１１,,大阪府
大阪府,天王寺ミオ・ＥＡＳＴ ＡＴＭ,大阪府大阪市天王寺区悲田院町１０-３９,,大阪府
大阪府,桃谷駅前 ＡＴＭ,大阪府大阪市天王寺区烏ケ辻１-１-７,,大阪府
大阪府,夕陽ヶ丘駅前 ＡＴＭ,大阪府大阪市天王寺区六万体町５-１６,,大阪府
大阪府,地下鉄谷町九丁目駅 ＡＴＭ,大阪府大阪市天王寺区生玉前町１-２４,,大阪府
大阪府,桜川支店,大阪府大阪市浪速区幸町２-７-３,06-6561-7831,大阪府
大阪府,大阪恵美須 ＡＴＭ,大阪府大阪市浪速区恵美須西１-２-１,,大阪府
大阪府,桜川支店 ＡＴＭ,大阪府大阪市浪速区幸町２-７-３,06-6561-7831,大阪府
大阪府,大国町 ＡＴＭ,大阪府大阪市浪速区戎本町１-７-２５,,大阪府
大阪府,歌島橋支店,大阪府大阪市西淀川区御幣島２-１-２,06-6471-2251,大阪府
大阪府,歌島橋支店 ＡＴＭ,大阪府大阪市西淀川区御幣島２-１-２,06-6471-2251,大阪府
大阪府,メラード大和田 ＡＴＭ,大阪府大阪市西淀川区大和田２-２-４３,,大阪府
大阪府,上新庄支店,大阪府大阪市東淀川区瑞光１-１１-５,06-6325-4500,大阪府
大阪府,相川駅前 ＡＴＭ,大阪府大阪市東淀川区相川２-２０-９,,大阪府
大阪府,上新庄支店 ＡＴＭ,大阪府大阪市東淀川区瑞光１-１１-５,06-6325-4500,大阪府
大阪府,鶴橋支店,大阪府大阪市東成区東小橋３-１９-５,06-6971-0331,大阪府
大阪府,布施口支店,大阪府大阪市東成区深江南３-２２-９,06-6971-6451,大阪府
大阪府,鶴橋支店 ＡＴＭ,大阪府大阪市東成区東小橋３-１９-５,06-6971-0331,大阪府
大阪府,布施口支店 ＡＴＭ,大阪府大阪市東成区深江南３-２２-９,06-6971-6451,大阪府
大阪府,生野支店,大阪府大阪市生野区中川６-９-１８,06-6751-1251,大阪府
大阪府,生野支店 ＡＴＭ,大阪府大阪市生野区中川６-９-１８,06-6751-1251,大阪府
大阪府,北巽駅前 ＡＴＭ,大阪府大阪市生野区巽中１-２３-６-１０１,,大阪府
大阪府,近鉄鶴橋駅 ＡＴＭ,大阪府大阪市生野区鶴橋２-１-２０,,大阪府
大阪府,京阪千林駅前 ＡＴＭ,大阪府大阪市旭区千林１-１１-１０,,大阪府
大阪府,城東支店,大阪府大阪市城東区今福西１-８-２,06-6932-4371,大阪府
大阪府,野江支店,大阪府大阪市城東区野江４-１-３,06-6931-5151,大阪府
大阪府,京阪関目駅前 ＡＴＭ,大阪府大阪市城東区関目五丁目１番２４号,,大阪府
大阪府,鴫野 ＡＴＭ,大阪府大阪市城東区鴫野東３-３-１,,大阪府
大阪府,鴫野西 ＡＴＭ,大阪府大阪市城東区鴫野西４-１-３,,大阪府
大阪府,城東支店 ＡＴＭ,大阪府大阪市城東区今福西１-８-２,06-6932-4371,大阪府
大阪府,野江支店 ＡＴＭ,大阪府大阪市城東区野江４-１-３,06-6931-5151,大阪府
大阪府,阿倍野橋支店,大阪府大阪市阿倍野区阿倍野筋１-５-１０-１００あべのｎｉｎｉ内,06-6632-1031,大阪府
大阪府,阿倍野橋支店 ＡＴＭ,大阪府大阪市阿倍野区阿倍野筋１-５-１０-１００あべのｎｉｎｉ内,06-6632-1031,大阪府
大阪府,近鉄大阪阿部野橋駅東口 ＡＴＭ,大阪府大阪市阿倍野区阿倍野筋１-１-４３,,大阪府
大阪府,近鉄大阪阿部野橋駅 ＡＴＭ,大阪府大阪市阿倍野区阿倍野筋１-１-１,,大阪府
大阪府,あべのハルカスオフィスロビー ＡＴＭ,大阪府大阪市阿倍野区阿倍野筋１-１-４３　１７階,,大阪府
大阪府,我孫子支店,大阪府大阪市住吉区我孫子東２-６-４,06-6692-2825,大阪府
大阪府,住吉支店,大阪府大阪市住吉区長峡町２-７,06-6673-1231,大阪府
大阪府,我孫子支店 ＡＴＭ,大阪府大阪市住吉区我孫子東２-６-４,06-6692-2825,大阪府
大阪府,ＪＲ我孫子町駅前 ＡＴＭ,大阪府大阪市住吉区我孫子３-１１-２９,,大阪府
大阪府,杉本町駅前 ＡＴＭ,大阪府大阪市住吉区山之内３-２-２,,大阪府
大阪府,住吉支店 ＡＴＭ,大阪府大阪市住吉区長峡町２-７,06-6673-1231,大阪府
大阪府,地下鉄長居駅 ＡＴＭ,大阪府大阪市住吉区長居東４-６-５,,大阪府
大阪府,田辺支店,大阪府大阪市東住吉区南田辺１-９-３８,06-6622-2171,大阪府
大阪府,駒川中野駅前 ＡＴＭ,大阪府大阪市東住吉区駒川３-２７-２５-１０１,,大阪府
大阪府,田辺支店 ＡＴＭ,大阪府大阪市東住吉区南田辺１-９-３８,06-6622-2171,大阪府
大阪府,萩ノ茶屋支店,大阪府大阪市西成区鶴見橋１-３-１０,06-6641-2651,大阪府
大阪府,南海天下茶屋駅 ＡＴＭ,大阪府大阪市西成区岸里１-１-９,,大阪府
大阪府,萩ノ茶屋支店 ＡＴＭ,大阪府大阪市西成区鶴見橋１-３-１０,06-6641-2651,大阪府
大阪府,地下鉄動物園前駅 ＡＴＭ,大阪府大阪市西成区太子１-６-１２,,大阪府
大阪府,新大阪駅前支店,大阪府大阪市淀川区西中島４-３-１４,06-6305-1171,大阪府
大阪府,三国支店,大阪府大阪市淀川区西三国３-４-１２,06-6391-1121,大阪府
大阪府,神崎川駅前 ＡＴＭ,大阪府大阪市淀川区新高６-１４-１７,,大阪府
大阪府,新大阪駅北口 ＡＴＭ,大阪府大阪市淀川区宮原３-３-３８,,大阪府
大阪府,新大阪駅前支店 ＡＴＭ,大阪府大阪市淀川区西中島４-３-１４,06-6305-1171,大阪府
大阪府,西中島 ＡＴＭ,大阪府大阪市淀川区西中島３-１０-１２,,大阪府
大阪府,阪急三国駅 ＡＴＭ,大阪府大阪市淀川区新高３-６-３３-２０２Ｂ,,大阪府
大阪府,東三国駅前 ＡＴＭ,大阪府大阪市淀川区東三国５-２-２０,,大阪府
大阪府,三国支店 ＡＴＭ,大阪府大阪市淀川区西三国３-４-１２,06-6391-1121,大阪府
大阪府,ＪＲ新大阪駅 ＡＴＭ,大阪府大阪市淀川区西中島５丁目１６番１号,,大阪府
大阪府,地下鉄西中島南方駅 ＡＴＭ,大阪府大阪市淀川区西中島１-１２-１,,大阪府
大阪府,今福鶴見駅前 ＡＴＭ,大阪府大阪市鶴見区鶴見３-５-１０,,大阪府
大阪府,イオンモール鶴見緑地 ＡＴＭ,大阪府大阪市鶴見区鶴見４-１７-１,,大阪府
大阪府,平林支店,大阪府大阪市住之江区新北島３-８-２９,06-6683-3801,大阪府
大阪府,北加賀屋駅前 ＡＴＭ,大阪府大阪市住之江区北加賀屋２-１１-８,,大阪府
大阪府,住之江ショッピングプラザ ＡＴＭ,大阪府大阪市住之江区新北島３-３-１９,,大阪府
大阪府,平林支店 ＡＴＭ,大阪府大阪市住之江区新北島３-８-２９,06-6683-3801,大阪府
大阪府,大阪府庁咲洲庁舎 ＡＴＭ,大阪府大阪市住之江区南港北１-１４-１６　１８階,,大阪府
大阪府,長吉支店,大阪府大阪市平野区長吉長原１-１-３,06-6790-5521,大阪府
大阪府,平野支店,大阪府大阪市平野区平野西５-１-８,06-6703-1881,大阪府
大阪府,長吉支店 ＡＴＭ,大阪府大阪市平野区長吉長原１-１-３,06-6790-5521,大阪府
大阪府,平野支店 ＡＴＭ,大阪府大阪市平野区平野西５-１-８,06-6703-1881,大阪府
大阪府,梅田北口支店,大阪府大阪市北区角田町８-１大阪梅田ツインタワーズ・ノース２４階梅田支店内,06-6313-3701,大阪府
大阪府,梅田支店,大阪府大阪市北区角田町８-１大阪梅田ツインタワーズ・ノース２４階,06-6312-8571,大阪府
大阪府,天六支店,大阪府大阪市北区浪花町１４番２５号　ＫＲＤ天六ビル３階,06-6374-9131,大阪府
大阪府,堂島支店,大阪府大阪市北区角田町８-１大阪梅田ツインタワーズ・ノース２４階梅田支店内,06-6312-8191,大阪府
大阪府,南森町支店,大阪府大阪市北区天神橋２-北２-６,06-6351-6251,大阪府
大阪府,梅田北口支店 ＡＴＭ,大阪府大阪市北区角田町８-１大阪梅田ツインタワーズ・ノース２４階梅田支店内,06-6313-3701,大阪府
大阪府,梅田支店 ＡＴＭ,大阪府大阪市北区角田町８-１大阪梅田ツインタワーズ・ノース２４階,06-6312-8571,大阪府
大阪府,地下鉄中津駅前 ＡＴＭ,大阪府大阪市北区中津１-６-３２,,大阪府
大阪府,ディアモール大阪 ＡＴＭ,大阪府大阪市北区梅田１丁目大阪駅前ダイヤモンド地下街２号,,大阪府
大阪府,天六支店 ＡＴＭ,大阪府大阪市北区浪花町１４番２５号　ＫＲＤ天六ビル３階,06-6374-9131,大阪府
大阪府,堂島支店 ＡＴＭ,大阪府大阪市北区角田町８-１大阪梅田ツインタワーズ・ノース２４階梅田支店内,06-6312-8191,大阪府
大阪府,長柄 ＡＴＭ,大阪府大阪市北区長柄中１-６-１７,,大阪府
大阪府,南森町支店 ＡＴＭ,大阪府大阪市北区天神橋２-北２-６,06-6351-6251,大阪府
大阪府,阪神梅田駅 ＡＴＭ,大阪府大阪市北区梅田３丁目大阪駅前地下街３号,,大阪府
大阪府,ホワイティうめだ ＡＴＭ,大阪府大阪市北区曽根崎２-１６-１９,,大阪府
大阪府,大阪駅桜橋口 ＡＴＭ,大阪府大阪市北区梅田３-１-１,,大阪府
大阪府,大阪駅中央 ＡＴＭ,大阪府大阪市北区梅田３-１-１,,大阪府
大阪府,阪急グランドビル ＡＴＭ,大阪府大阪市北区角田町８-４７,,大阪府
大阪府,サン広場地下通り ＡＴＭ,大阪府大阪市北区角田町８-４７,,大阪府
大阪府,グランフロント大阪南館 ＡＴＭ,大阪府大阪市北区大深町４-２０地下１階,,大阪府
大阪府,阪急三番街 ＡＴＭ,大阪府大阪市北区芝田１-１-３　１階,,大阪府
大阪府,ヤンマー本社ビル ＡＴＭ,大阪府大阪市北区茶屋町１-３２　地下２階,,大阪府
大阪府,中之島フェスティバルタワー・ウエスト ＡＴＭ,大阪府大阪市北区中之島３-２-４　３階,,大阪府
大阪府,地下鉄南森町駅 ＡＴＭ,大阪府大阪市北区南森町２-１-４,,大阪府
大阪府,地下鉄東梅田駅 ＡＴＭ,大阪府大阪市北区曽根崎２-１１-１１,,大阪府
大阪府,セブンデイズプラザ阪急梅田 ＡＴＭ,大阪府大阪市北区芝田一丁目１番３号地下１階,,大阪府
大阪府,梅田スカイビル ＡＴＭ,大阪府大阪市北区大淀中１-１-８８　３階,,大阪府
大阪府,ヨドバシ梅田タワー ＡＴＭ,大阪府大阪市北区大深町１-１地下１階,,大阪府
大阪府,地下鉄西梅田駅 ＡＴＭ,大阪府大阪市北区梅田２-２-２５,,大阪府
大阪府,ドーチカ ＡＴＭ,大阪府大阪市北区曽根崎新地１丁目　堂島地下街４号,,大阪府
大阪府,天神橋筋六丁目駅前 ＡＴＭ,大阪府大阪市北区天神橋７-１-２４ジオタワー天六内,,大阪府
大阪府,大阪営業部,大阪府大阪市中央区備後町２-２-１,06-6271-1221,大阪府
大阪府,大手支店,大阪府大阪市中央区大手前２-１-２２大阪府庁本館,06-6942-5055,大阪府
大阪府,北浜支店,大阪府大阪市中央区平野町４-１-２大阪ガスビル御堂筋支店内,06-6222-3551,大阪府
大阪府,船場支店,大阪府大阪市中央区平野町４-１-２大阪ガスビル内御堂筋支店内,06-6228-5777,大阪府
大阪府,玉造支店,大阪府大阪市中央区玉造１-７-４,06-6762-5071,大阪府
大阪府,難波支店,大阪府大阪市中央区難波五丁目１番６０号なんばスカイオ１９階,06-6632-5031,大阪府
大阪府,御堂筋支店,大阪府大阪市中央区平野町４-１-２,06-6202-5531,大阪府
大阪府,咲洲出張所,大阪府大阪市中央区大手前２-１-２２大阪府庁本館大手支店内,06-6942-5055,大阪府
大阪府,イケマン堺筋ビル ＡＴＭ,大阪府大阪市中央区南本町２-２-５,,大阪府
大阪府,大阪営業部 ＡＴＭ,大阪府大阪市中央区備後町２-２-１,06-6271-1221,大阪府
大阪府,大阪ビジネスパーク ＡＴＭ,大阪府大阪市中央区城見２-１-６１,,大阪府
大阪府,北浜支店 ＡＴＭ,大阪府大阪市中央区平野町４-１-２大阪ガスビル御堂筋支店内,06-6222-3551,大阪府
大阪府,久太郎町 ＡＴＭ,大阪府大阪市中央区久太郎町２-５-２８,,大阪府
大阪府,クリスタ長堀 ＡＴＭ,大阪府大阪市中央区南船場２丁目長堀地下街１号,,大阪府
大阪府,船場支店 ＡＴＭ,大阪府大阪市中央区平野町４-１-２大阪ガスビル内御堂筋支店内,06-6228-5777,大阪府
大阪府,第二野村ビル ＡＴＭ,大阪府大阪市中央区備後町２-１-８,,大阪府
大阪府,谷町 ＡＴＭ,大阪府大阪市中央区谷町２-４-３,,大阪府
大阪府,玉造支店 ＡＴＭ,大阪府大阪市中央区玉造１-７-４,06-6762-5071,大阪府
大阪府,地下鉄本町駅 ＡＴＭ,大阪府大阪市中央区本町４-１-１５,,大阪府
大阪府,難波支店 ＡＴＭ,大阪府大阪市中央区難波五丁目１番６０号なんばスカイオ１９階,06-6632-5031,大阪府
大阪府,日本橋駅前 ＡＴＭ,大阪府大阪市中央区日本橋１-１８-１５,,大阪府
大阪府,ファッションスクウェア江綿 ＡＴＭ,大阪府大阪市中央区南本町３-１-８,,大阪府
大阪府,御堂筋支店 ＡＴＭ,大阪府大阪市中央区平野町４-１-２,06-6202-5531,大阪府
大阪府,京阪天満橋駅 ＡＴＭ,大阪府大阪市中央区天満橋京町１-１,,大阪府
大阪府,森ノ宮駅前 ＡＴＭ,大阪府大阪市中央区森ノ宮中央１-１４-１７,,大阪府
大阪府,咲洲出張所 ＡＴＭ,大阪府大阪市中央区大手前２-１-２２大阪府庁本館大手支店内,06-6942-5055,大阪府
大阪府,南海なんば駅 ＡＴＭ,大阪府大阪市中央区難波５-１-６０,,大阪府
大阪府,ｅｋｉｍｏなんば北 ＡＴＭ,大阪府大阪市中央区難波１-９-７,,大阪府
大阪府,クリスタ長堀・心斎橋 ＡＴＭ,大阪府大阪市中央区南船場４丁目長堀地下街６号,,大阪府
大阪府,心斎橋 ＡＴＭ,大阪府大阪市中央区南船場４-５-１０,,大阪府
大阪府,大手支店 ＡＴＭ,大阪府大阪市中央区大手前２-１-２２大阪府庁本館,06-6942-5055,大阪府
大阪府,ｅｋｉｍｏなんば南 ＡＴＭ,大阪府大阪市中央区難波１-９-７,,大阪府
大阪府,地下鉄谷町四丁目駅 ＡＴＭ,大阪府大阪市中央区谷町三丁目１２,,大阪府
大阪府,地下鉄森ノ宮駅 ＡＴＭ,大阪府大阪市中央区森ノ宮中央１-１-４３,,大阪府
大阪府,地下鉄長堀橋駅 ＡＴＭ,大阪府大阪市中央区島之内１-１８-９,,大阪府
大阪府,なんばＣＩＴＹ１階 ＡＴＭ,大阪府大阪市中央区難波５-１-６０,,大阪府
大阪府,地下鉄堺筋本町駅 ＡＴＭ,大阪府大阪市中央区船場中央１-４-１６,,大阪府
大阪府,本町南ガーデンシティ ＡＴＭ,大阪府大阪市中央区北久宝寺町３-６-１　１階,,大阪府
大阪府,地下鉄心斎橋駅 ＡＴＭ,大阪府大阪市中央区西心斎橋１-４,,大阪府
大阪府,地下鉄松屋町駅 ＡＴＭ,大阪府大阪市中央区松屋町３-２７,,大阪府
大阪府,京阪淀屋橋駅 ＡＴＭ,大阪府大阪市中央区北浜３-１-２５,,大阪府
大阪府,地下鉄北浜駅 ＡＴＭ,大阪府大阪市中央区北浜１-８-１６地下１階,,大阪府
大阪府,金岡支店,大阪府堺市堺区北三国ヶ丘町８丁８-１８,072-238-6785,大阪府
大阪府,堺支店,大阪府堺市堺区東湊町１丁８７-２,072-245-7111,大阪府
大阪府,堺東支店,大阪府堺市堺区北瓦町２丁４-１８,072-221-9001,大阪府
大阪府,金岡支店 ＡＴＭ,大阪府堺市堺区北三国ヶ丘町８丁８-１８,072-238-6785,大阪府
大阪府,堺支店 ＡＴＭ,大阪府堺市堺区東湊町１丁８７-２,072-245-7111,大阪府
大阪府,堺東支店 ＡＴＭ,大阪府堺市堺区北瓦町２丁４-１８,072-221-9001,大阪府
大阪府,南海堺駅 ＡＴＭ,大阪府堺市堺区戎島町３丁２２-１,,大阪府
大阪府,深井支店,大阪府堺市中区深井沢町３２９０,072-279-2521,大阪府
大阪府,深井支店 ＡＴＭ,大阪府堺市中区深井沢町３２９０,072-279-2521,大阪府
大阪府,深阪 ＡＴＭ,大阪府堺市中区深阪２-１０-４６,,大阪府
大阪府,初芝支店,大阪府堺市東区日置荘西町１丁２２-２８,072-287-2741,大阪府
大阪府,初芝支店 ＡＴＭ,大阪府堺市東区日置荘西町１丁２２-２８,072-287-2741,大阪府
大阪府,北野田駅前 ＡＴＭ,大阪府堺市東区北野田１-１ヴェリテ北野田プラチナム１階,,大阪府
大阪府,光明池支店,大阪府堺市南区鴨谷台２丁２-２,072-298-0151,大阪府
大阪府,泉北支店,大阪府堺市南区茶山台１丁２,072-291-3001,大阪府
大阪府,泉北とが支店,大阪府堺市南区原山台２-２-１トナリエ栂・美木多内,072-299-5331,大阪府
大阪府,光明池支店 ＡＴＭ,大阪府堺市南区鴨谷台２丁２-２,072-298-0151,大阪府
大阪府,泉北支店 ＡＴＭ,大阪府堺市南区茶山台１丁２,072-291-3001,大阪府
大阪府,泉北とが支店 ＡＴＭ,大阪府堺市南区原山台２-２-１トナリエ栂・美木多内,072-299-5331,大阪府
大阪府,ライフ城山台店 ＡＴＭ,大阪府堺市南区城山台２丁２-１４,,大阪府
大阪府,泉ケ丘駅 ＡＴＭ,大阪府堺市南区竹城台一丁１番１号,,大阪府
大阪府,新金岡支店,大阪府堺市北区新金岡町４丁１-１２,072-255-4711,大阪府
大阪府,北花田駅前 ＡＴＭ,大阪府堺市北区北花田町１丁２-１,,大阪府
大阪府,蔵前 ＡＴＭ,大阪府堺市北区蔵前町１丁７番１１号,,大阪府
大阪府,新金岡支店 ＡＴＭ,大阪府堺市北区新金岡町４丁１-１２,072-255-4711,大阪府
大阪府,久米田支店,大阪府岸和田市大町４８４-１,072-443-6101,大阪府
大阪府,久米田支店 ＡＴＭ,大阪府岸和田市大町４８４-１,072-443-6101,大阪府
大阪府,春木駅 ＡＴＭ,大阪府岸和田市春木若松町３１４番６号,,大阪府
大阪府,ウエルシアアクロスプラザ東岸和田店 ＡＴＭ,大阪府岸和田市土生町４-２-１,,大阪府
大阪府,千里中央支店,大阪府豊中市新千里東町１-２-１-２０１,06-6872-1001,大阪府
大阪府,豊中支店,大阪府豊中市本町１-６-７,06-6854-1221,大阪府
大阪府,豊中服部支店,大阪府豊中市服部本町１-７-１,06-6862-3031,大阪府
大阪府,大阪空港北ターミナルビル ＡＴＭ,大阪府豊中市螢池西町３-５５５,,大阪府
大阪府,大阪空港南ターミナルビル ＡＴＭ,大阪府豊中市蛍池西町３-５５５,,大阪府
大阪府,岡町駅前 ＡＴＭ,大阪府豊中市岡町１-２５,,大阪府
大阪府,大阪モノレール千里中央駅 ＡＴＭ,大阪府豊中市新千里東町１-５-４,,大阪府
大阪府,千里中央支店 ＡＴＭ,大阪府豊中市新千里東町１-２-１-２０１,06-6872-1001,大阪府
大阪府,豊中支店 ＡＴＭ,大阪府豊中市本町１-６-７,06-6854-1221,大阪府
大阪府,豊中服部支店 ＡＴＭ,大阪府豊中市服部本町１-７-１,06-6862-3031,大阪府
大阪府,パークヒルズ ＡＴＭ,大阪府豊中市上新田１-２８,,大阪府
大阪府,螢池駅前 ＡＴＭ,大阪府豊中市螢池東町１-６-２,,大阪府
大阪府,庄内駅前 ＡＴＭ,大阪府豊中市庄内東町２-１-１０,,大阪府
大阪府,池田合同庁舎 ＡＴＭ,大阪府池田市城南１-１-１,,大阪府
大阪府,江坂支店,大阪府吹田市豊津町１-３０-１０１,06-6380-0641,大阪府
大阪府,吹田支店,大阪府吹田市朝日町３-１１６,06-6381-1831,大阪府
大阪府,千里北支店,大阪府吹田市古江台４-２-Ｄ２-２０１,06-6872-0651,大阪府
大阪府,千里支店,大阪府吹田市津雲台１-１-２,06-6871-0191,大阪府
大阪府,アザール桃山台 ＡＴＭ,大阪府吹田市桃山台５-２-２,,大阪府
大阪府,亥の子谷 ＡＴＭ,大阪府吹田市山田西１-３１Ａ-１０１,,大阪府
大阪府,江坂支店 ＡＴＭ,大阪府吹田市豊津町１-３０-１０１,06-6380-0641,大阪府
大阪府,関大前 ＡＴＭ,大阪府吹田市千里山東１-１４-９,,大阪府
大阪府,吹田支店 ＡＴＭ,大阪府吹田市朝日町３-１１６,06-6381-1831,大阪府
大阪府,吹田市役所 ＡＴＭ,大阪府吹田市泉町１-３-４０,,大阪府
大阪府,千里北支店 ＡＴＭ,大阪府吹田市古江台４-２-Ｄ２-２０１,06-6872-0651,大阪府
大阪府,千里支店 ＡＴＭ,大阪府吹田市津雲台１-１-２,06-6871-0191,大阪府
大阪府,津雲台 ＡＴＭ,大阪府吹田市津雲台４-１-２３,,大阪府
大阪府,豊津駅前 ＡＴＭ,大阪府吹田市垂水町２-１-５,,大阪府
大阪府,山田 ＡＴＭ,大阪府吹田市山田西３-５７-１６,,大阪府
大阪府,トナリエ南千里 ＡＴＭ,大阪府吹田市津雲台１-１-３０,,大阪府
大阪府,平和堂岸辺店 ＡＴＭ,大阪府吹田市岸部南１-１３-１,,大阪府
大阪府,ららぽーとＥＸＰＯＣＩＴＹ ＡＴＭ,大阪府吹田市千里万博公園２-１　２階,,大阪府
大阪府,ＪＲ吹田駅東口 ＡＴＭ,大阪府吹田市朝日町１番１,,大阪府
大阪府,フレスコ千里丘店 ＡＴＭ,大阪府吹田市新芦屋上２３番１号,,大阪府
大阪府,ビエラ岸辺健都 ＡＴＭ,大阪府吹田市岸部新町５番４５号　２階,,大阪府
大阪府,泉大津支店,大阪府泉大津市旭町２０-３,0725-33-4021,大阪府
大阪府,泉大津支店 ＡＴＭ,大阪府泉大津市旭町２０-３,0725-33-4021,大阪府
大阪府,泉大津市役所 ＡＴＭ,大阪府泉大津市東雲町９-１２,,大阪府
大阪府,高槻支店,大阪府高槻市城北町２-１-１８,072-675-1201,大阪府
大阪府,高槻富田支店,大阪府高槻市富田町１-６-１１,072-693-6711,大阪府
大阪府,イオン高槻 ＡＴＭ,大阪府高槻市萩之庄３-４７-２,,大阪府
大阪府,高槻支店 ＡＴＭ,大阪府高槻市城北町２-１-１８,072-675-1201,大阪府
大阪府,高槻富田支店 ＡＴＭ,大阪府高槻市富田町１-６-１１,072-693-6711,大阪府
大阪府,摂津富田駅前 ＡＴＭ,大阪府高槻市富田町１-８-２５,,大阪府
大阪府,貝塚支店,大阪府貝塚市近木町４-１,072-431-1601,大阪府
大阪府,貝塚支店 ＡＴＭ,大阪府貝塚市近木町４-１,072-431-1601,大阪府
大阪府,守口支店,大阪府守口市京阪本通１-３-２,06-6993-0021,大阪府
大阪府,京阪守口市駅 ＡＴＭ,大阪府守口市河原町１-１,,大阪府
大阪府,大日 ＡＴＭ,大阪府守口市八雲東町２-８２-１８,,大阪府
大阪府,松下記念病院 ＡＴＭ,大阪府守口市外島町２-３５,,大阪府
大阪府,守口支店 ＡＴＭ,大阪府守口市京阪本通１-３-２,06-6993-0021,大阪府
大阪府,守口市役所 ＡＴＭ,大阪府守口市京阪本通２-５-５,,大阪府
大阪府,土居駅前 ＡＴＭ,大阪府守口市梅園町２-１,,大阪府
大阪府,イオンモール大日 ＡＴＭ,大阪府守口市大日東町１-１８,,大阪府
大阪府,くずは支店,大阪府枚方市楠葉花園町１２-５,072-855-2811,大阪府
大阪府,香里支店,大阪府枚方市香里ケ丘３-１３,072-854-0325,大阪府
大阪府,枚方支店,大阪府枚方市岡東町１２-２枚方Ｔ-ＳＩＴＥ　７階・１階・３階,072-846-2221,大阪府
大阪府,交野出張所,大阪府枚方市岡東町１２-２枚方Ｔ-ＳＩＴＥ　７階・１階・３階枚方支店内,072-846-2221,大阪府
大阪府,くずは支店 ＡＴＭ,大阪府枚方市楠葉花園町１２-５,072-855-2811,大阪府
大阪府,香里支店 ＡＴＭ,大阪府枚方市香里ケ丘３-１３,072-854-0325,大阪府
大阪府,枚方公園駅前 ＡＴＭ,大阪府枚方市枚方元町８-２１,,大阪府
大阪府,枚方支店 ＡＴＭ,大阪府枚方市岡東町１２-２枚方Ｔ-ＳＩＴＥ　７階・１階・３階,072-846-2221,大阪府
大阪府,枚方市役所別館 ＡＴＭ,大阪府枚方市大垣内町２-１-２０,,大阪府
大阪府,牧野駅前 ＡＴＭ,大阪府枚方市牧野阪２-５-２０-１０１,,大阪府
大阪府,くずはモール ＡＴＭ,大阪府枚方市楠葉花園町１５-１,,大阪府
大阪府,交野出張所 ＡＴＭ,大阪府枚方市岡東町１２-２枚方Ｔ-ＳＩＴＥ　７階・１階・３階枚方支店内,072-846-2221,大阪府
大阪府,茨木支店,大阪府茨木市永代町７-１,072-624-1121,大阪府
大阪府,茨木西支店,大阪府茨木市西駅前町６-２６,072-625-1551,大阪府
大阪府,茨木支店 ＡＴＭ,大阪府茨木市永代町７-１,072-624-1121,大阪府
大阪府,茨木市役所 ＡＴＭ,大阪府茨木市駅前３-８-１３,,大阪府
大阪府,茨木西支店 ＡＴＭ,大阪府茨木市西駅前町６-２６,072-625-1551,大阪府
大阪府,市場 ＡＴＭ,大阪府茨木市宮島１-１-１,,大阪府
大阪府,イオン新茨木店 ＡＴＭ,大阪府茨木市中津町１８-１,,大阪府
大阪府,平和堂真砂店 ＡＴＭ,大阪府茨木市真砂１-１１-３５,,大阪府
大阪府,南茨木 ＡＴＭ,大阪府茨木市沢良宜西１-４-５,,大阪府
大阪府,彩都 ＡＴＭ,大阪府茨木市彩都あさぎ７-１,,大阪府
大阪府,八尾支店,大阪府八尾市光町２-１３,072-997-5211,大阪府
大阪府,ＪＲ八尾駅前 ＡＴＭ,大阪府八尾市安中町３-７-６,,大阪府
大阪府,八尾支店 ＡＴＭ,大阪府八尾市光町２-１３,072-997-5211,大阪府
大阪府,八尾市役所 ＡＴＭ,大阪府八尾市本町１-１-１,,大阪府
大阪府,八尾市立病院 ＡＴＭ,大阪府八尾市龍華町１-３-１,,大阪府
大阪府,佐野支店,大阪府泉佐野市若宮町５-２１,072-462-3301,大阪府
大阪府,佐野支店 ＡＴＭ,大阪府泉佐野市若宮町５-２１,072-462-3301,大阪府
大阪府,りんくうタウン駅 ＡＴＭ,大阪府泉佐野市りんくう往来北１番,,大阪府
大阪府,富田林支店,大阪府富田林市本町１８-２４,0721-24-1281,大阪府
大阪府,喜志駅前 ＡＴＭ,大阪府富田林市喜志町３-４-３３,,大阪府
大阪府,富田林支店 ＡＴＭ,大阪府富田林市本町１８-２４,0721-24-1281,大阪府
大阪府,富田林市役所 ＡＴＭ,大阪府富田林市常盤町１-１,,大阪府
大阪府,寝屋川支店,大阪府寝屋川市桜木町１-３,072-826-3301,大阪府
大阪府,みいが丘出張所,大阪府寝屋川市桜木町１-３寝屋川支店内,072-826-1666,大阪府
大阪府,萱島駅前 ＡＴＭ,大阪府寝屋川市萱島本町５-１４,,大阪府
大阪府,香里園駅 ＡＴＭ,大阪府寝屋川市香里南之町１９-１,,大阪府
大阪府,万代寝屋川西店前 ＡＴＭ,大阪府寝屋川市対馬江東町１１-８,,大阪府
大阪府,寝屋川支店 ＡＴＭ,大阪府寝屋川市桜木町１-３,072-826-3301,大阪府
大阪府,寝屋川市役所 ＡＴＭ,大阪府寝屋川市本町１-１,,大阪府
大阪府,寝屋川東 ＡＴＭ,大阪府寝屋川市三井が丘４-１２-６,,大阪府
大阪府,河内千代田支店,大阪府河内長野市楠町東１５８７-４,0721-54-1201,大阪府
大阪府,イズミヤ河内長野店 ＡＴＭ,大阪府河内長野市喜多町６６３,,大阪府
大阪府,河内千代田支店 ＡＴＭ,大阪府河内長野市楠町東１５８７-４,0721-54-1201,大阪府
大阪府,ノバティながの北館 ＡＴＭ,大阪府河内長野市本町２４番１号地下１階,,大阪府
大阪府,天美出張所,大阪府松原市天美東７-８-４,072-333-2929,大阪府
大阪府,河内松原支店,大阪府松原市上田２-２-２０,072-330-6435,大阪府
大阪府,天美出張所 ＡＴＭ,大阪府松原市天美東７-８-４,072-333-2929,大阪府
大阪府,河内松原支店 ＡＴＭ,大阪府松原市上田２-２-２０,072-330-6435,大阪府
大阪府,住道支店,大阪府大東市赤井１-３-１４,072-874-1221,大阪府
大阪府,四條畷支店,大阪府大東市学園町３-６,072-876-0721,大阪府
大阪府,住道支店 ＡＴＭ,大阪府大東市赤井１-３-１４,072-874-1221,大阪府
大阪府,大東市役所 ＡＴＭ,大阪府大東市谷川１-１-１,,大阪府
大阪府,野崎 ＡＴＭ,大阪府大東市野崎１-６-２６,,大阪府
大阪府,四條畷支店 ＡＴＭ,大阪府大東市学園町３-６,072-876-0721,大阪府
大阪府,住道駅中央 ＡＴＭ,大阪府大東市住道２-３-１,,大阪府
大阪府,住道駅 ＡＴＭ,大阪府大東市住道２-３-１,,大阪府
大阪府,和泉中央支店,大阪府和泉市いぶき野５-１-１４,0725-57-4071,大阪府
大阪府,アムゼモール和泉中央 ＡＴＭ,大阪府和泉市いぶき野５-１-１２,,大阪府
大阪府,和泉中央支店 ＡＴＭ,大阪府和泉市いぶき野５-１-１４,0725-57-4071,大阪府
大阪府,ららぽーと和泉 ＡＴＭ,大阪府和泉市あゆみ野４-４-７　２階,,大阪府
大阪府,イオン和泉府中店 ＡＴＭ,大阪府和泉市肥子町２-２-１　１階,,大阪府
大阪府,箕面支店,大阪府箕面市箕面６-４-３３,072-721-7881,大阪府
大阪府,小野原 ＡＴＭ,大阪府箕面市小野原東５-１-１,,大阪府
大阪府,桜井 ＡＴＭ,大阪府箕面市桜井１-１３-２２,,大阪府
大阪府,箕面支店 ＡＴＭ,大阪府箕面市箕面６-４-３３,072-721-7881,大阪府
大阪府,箕面船場 ＡＴＭ,大阪府箕面市船場西２-７-５,,大阪府
大阪府,箕面市役所前 ＡＴＭ,大阪府箕面市西小路３-１-９,,大阪府
大阪府,みのおキューズモール ＡＴＭ,大阪府箕面市西宿１-１５-３０　１階,,大阪府
大阪府,柏原支店,大阪府柏原市上市１-２-２,072-972-1345,大阪府
大阪府,国分出張所,大阪府柏原市国分西１-２-２６,072-977-2205,大阪府
大阪府,柏原支店 ＡＴＭ,大阪府柏原市上市１-２-２,072-972-1345,大阪府
大阪府,柏原市役所 ＡＴＭ,大阪府柏原市安堂町１-５５,,大阪府
大阪府,国分出張所 ＡＴＭ,大阪府柏原市国分西１-２-２６,072-977-2205,大阪府
大阪府,羽曳野支店,大阪府羽曳野市白鳥２-１-１,072-957-1121,大阪府
大阪府,近鉄プラザ古市店 ＡＴＭ,大阪府羽曳野市栄町７-１,,大阪府
大阪府,羽曳野支店 ＡＴＭ,大阪府羽曳野市白鳥２-１-１,072-957-1121,大阪府
大阪府,羽曳野市役所 ＡＴＭ,大阪府羽曳野市誉田４-１-１,,大阪府
大阪府,ＬＩＣはびきの ＡＴＭ,大阪府羽曳野市軽里１-１４４,,大阪府
大阪府,門真市駅前 ＡＴＭ,大阪府門真市新橋町６-２３,,大阪府
大阪府,千里丘支店,大阪府摂津市千里丘東２-１０-１,072-622-7788,大阪府
大阪府,摂津市役所 ＡＴＭ,大阪府摂津市三島１-１-１,,大阪府
大阪府,千里丘支店 ＡＴＭ,大阪府摂津市千里丘東２-１０-１,072-622-7788,大阪府
大阪府,イオンモール藤井寺前 ＡＴＭ,大阪府藤井寺市岡２-１-３０,,大阪府
大阪府,小阪支店,大阪府東大阪市小阪本町１-４-３,06-6722-2490,大阪府
大阪府,長瀬支店,大阪府東大阪市菱屋西１-１８-２,06-6723-3031,大阪府
大阪府,東大阪支店,大阪府東大阪市荒本西１-４-２１,06-6788-2431,大阪府
大阪府,瓢箪山支店,大阪府東大阪市六万寺町３-１１-３５　関西みらい銀行枚岡支店内,072-988-6871,大阪府
大阪府,荒本駅前 ＡＴＭ,大阪府東大阪市荒本北６-１,,大阪府
大阪府,小阪支店 ＡＴＭ,大阪府東大阪市小阪本町１-４-３,06-6722-2490,大阪府
大阪府,新石切駅前 ＡＴＭ,大阪府東大阪市東山町４-８,,大阪府
大阪府,長瀬支店 ＡＴＭ,大阪府東大阪市菱屋西１-１８-２,06-6723-3031,大阪府
大阪府,東大阪支店 ＡＴＭ,大阪府東大阪市荒本西１-４-２１,06-6788-2431,大阪府
大阪府,東大阪市役所 ＡＴＭ,大阪府東大阪市荒本北１-１-１,,大阪府
大阪府,東花園駅前 ＡＴＭ,大阪府東大阪市吉田６-９-１３近商ストア新東花園店内,,大阪府
大阪府,瓢箪山支店 ＡＴＭ,大阪府東大阪市六万寺町３-１１-３５　関西みらい銀行枚岡支店内,072-988-6871,大阪府
大阪府,布施駅前 ＡＴＭ,大阪府東大阪市長堂１-１-１０,,大阪府
大阪府,近鉄八戸ノ里駅 ＡＴＭ,大阪府東大阪市小阪３-１-１,,大阪府
大阪府,近商ストア若江岩田店 ＡＴＭ,大阪府東大阪市岩田町４-３-２１,,大阪府
大阪府,瓢箪山駅前 ＡＴＭ,大阪府東大阪市本町１５番１１号,,大阪府
大阪府,四條畷市役所 ＡＴＭ,大阪府四條畷市中野本町１-１,,大阪府
大阪府,四條畷西 ＡＴＭ,大阪府四條畷市楠公１-１３-９,,大阪府
大阪府,コモンシティ星田 ＡＴＭ,大阪府交野市星田西３-３-１,,大阪府
大阪府,星田駅 ＡＴＭ,大阪府交野市星田５-１１-５,,大阪府
大阪府,交野駅前 ＡＴＭ,大阪府交野市私部西１-６-１０,,大阪府
大阪府,交野駅前東 ＡＴＭ,大阪府交野市私部３-１２-６関西みらい銀行交野支店・交野郡津出張所内,,大阪府
大阪府,金剛支店,大阪府大阪狭山市金剛１-１-１９,072-365-3355,大阪府
大阪府,大阪狭山市役所 ＡＴＭ,大阪府大阪狭山市狭山１-２３８４-１,,大阪府
大阪府,近畿大学病院 ＡＴＭ,大阪府大阪狭山市大野東３７７-２,,大阪府
大阪府,金剛支店 ＡＴＭ,大阪府大阪狭山市金剛１-１-１９,072-365-3355,大阪府
大阪府,島本支店,大阪府三島郡島本町江川２-１３-３,075-961-5331,大阪府
大阪府,島本支店 ＡＴＭ,大阪府三島郡島本町江川２-１３-３,075-961-5331,大阪府
大阪府,熊取支店,大阪府泉南郡熊取町大久保中１-１７-３,072-452-2761,大阪府
大阪府,熊取支店 ＡＴＭ,大阪府泉南郡熊取町大久保中１-１７-３,072-452-2761,大阪府
大阪府,関空ターミナルビル ＡＴＭ,大阪府泉南郡田尻町泉州空港中１番地４階,,大阪府
大阪府,関空第二ターミナル ＡＴＭ,大阪府泉南郡田尻町泉州空港中１３番地,,大阪府
大阪府,河南町役場 ＡＴＭ,大阪府南河内郡河南町大字白木１３５９-６,,大阪府
兵庫県,神戸岡本支店,兵庫県神戸市東灘区岡本１-４-２３,078-441-2002,兵庫県
兵庫県,神戸岡本支店 ＡＴＭ,兵庫県神戸市東灘区岡本１-４-２３,078-441-2002,兵庫県
兵庫県,六甲ライナー住吉駅 ＡＴＭ,兵庫県神戸市東灘区住吉本町１-２,,兵庫県
兵庫県,六甲ライナー魚崎駅 ＡＴＭ,兵庫県神戸市東灘区魚崎西町４丁目,,兵庫県
兵庫県,灘 ＡＴＭ,兵庫県神戸市灘区備後町３-２-１６,,兵庫県
兵庫県,西神戸支店,兵庫県神戸市兵庫区大開通１-１-１４,078-577-2551,兵庫県
兵庫県,西神戸支店 ＡＴＭ,兵庫県神戸市兵庫区大開通１-１-１４,078-577-2551,兵庫県
兵庫県,長田 ＡＴＭ,兵庫県神戸市長田区腕塚町６-１-３１-１０２,,兵庫県
兵庫県,須磨 ＡＴＭ,兵庫県神戸市須磨区須磨浦通４-５-１６,,兵庫県
兵庫県,垂水支店,兵庫県神戸市垂水区天ノ下町１-１-１０５,078-706-5671,兵庫県
兵庫県,垂水支店 ＡＴＭ,兵庫県神戸市垂水区天ノ下町１-１-１０５,078-706-5671,兵庫県
兵庫県,北鈴蘭台支店,兵庫県神戸市北区甲栄台１-１-１,078-593-1181,兵庫県
兵庫県,押部谷出張所,兵庫県神戸市北区甲栄台一丁目１番１号北鈴蘭台支店内,078-593-1821,兵庫県
兵庫県,大池駅前 ＡＴＭ,兵庫県神戸市北区山田町上谷上字古々山２９-８４,,兵庫県
兵庫県,北鈴蘭台支店 ＡＴＭ,兵庫県神戸市北区甲栄台１-１-１,078-593-1181,兵庫県
兵庫県,イオンつくしが丘店 ＡＴＭ,兵庫県神戸市北区筑紫が丘３-２-１０,,兵庫県
兵庫県,押部谷出張所 ＡＴＭ,兵庫県神戸市北区甲栄台一丁目１番１号北鈴蘭台支店内,078-593-1821,兵庫県
兵庫県,神戸支店,兵庫県神戸市中央区小野柄通７-１-１８,078-272-0901,兵庫県
兵庫県,神戸支店 ＡＴＭ,兵庫県神戸市中央区小野柄通７-１-１８,078-272-0901,兵庫県
兵庫県,三宮・花時計前駅西 ＡＴＭ,兵庫県神戸市中央区三宮町１-３-１１,,兵庫県
兵庫県,ポートライナー三宮駅 ＡＴＭ,兵庫県神戸市中央区雲井通８丁目,,兵庫県
兵庫県,三宮センター街 ＡＴＭ,兵庫県神戸市中央区三宮町一丁目９番１号１１０　１階,,兵庫県
兵庫県,ポートライナー神戸空港駅 ＡＴＭ,兵庫県神戸市中央区神戸空港１番,,兵庫県
兵庫県,姫路支店,兵庫県姫路市白銀町１,079-222-7191,兵庫県
兵庫県,姫路支店 ＡＴＭ,兵庫県姫路市白銀町１,079-222-7191,兵庫県
兵庫県,尼崎北支店,兵庫県尼崎市潮江１-１５-３,06-6499-3545,兵庫県
兵庫県,尼崎支店,兵庫県尼崎市昭和通７-２３４,06-6413-0521,兵庫県
兵庫県,塚口支店,兵庫県尼崎市南塚口町２-１-２-１２８,06-6427-6851,兵庫県
兵庫県,尼崎北支店 ＡＴＭ,兵庫県尼崎市潮江１-１５-３,06-6499-3545,兵庫県
兵庫県,尼崎支店 ＡＴＭ,兵庫県尼崎市昭和通７-２３４,06-6413-0521,兵庫県
兵庫県,ＪＲ尼崎駅前 ＡＴＭ,兵庫県尼崎市潮江１-４-１,,兵庫県
兵庫県,立花 ＡＴＭ,兵庫県尼崎市七松町１-３-１-１２５,,兵庫県
兵庫県,塚口支店 ＡＴＭ,兵庫県尼崎市南塚口町２-１-２-１２８,06-6427-6851,兵庫県
兵庫県,ビエラ塚口 ＡＴＭ,兵庫県尼崎市上坂部１-１-１　１階,,兵庫県
兵庫県,明石支店,兵庫県明石市本町１-２-２６,078-911-8961,兵庫県
兵庫県,明石支店 ＡＴＭ,兵庫県明石市本町１-２-２６,078-911-8961,兵庫県
兵庫県,西宮北口支店,兵庫県西宮市甲風園１-８-１４,0798-64-0500,兵庫県
兵庫県,西宮支店,兵庫県西宮市田中町１番６号エビスタ西宮２階,0798-22-3781,兵庫県
兵庫県,ＪＲ甲子園口駅前 ＡＴＭ,兵庫県西宮市甲子園口３-４-１４,,兵庫県
兵庫県,西宮北口支店 ＡＴＭ,兵庫県西宮市甲風園１-８-１４,0798-64-0500,兵庫県
兵庫県,西宮支店 ＡＴＭ,兵庫県西宮市田中町１番６号エビスタ西宮２階,0798-22-3781,兵庫県
兵庫県,西宮マリナパークシティ ＡＴＭ,兵庫県西宮市西宮浜４-１４-２,,兵庫県
兵庫県,甲子園球場前 ＡＴＭ,兵庫県西宮市甲子園七番町１１-２０　１階,,兵庫県
兵庫県,西宮北口駅前 ＡＴＭ,兵庫県西宮市高松町３番３２号北口南阪急ビル２階西宮北口ローンプラザ内,,兵庫県
兵庫県,夙川駅前 ＡＴＭ,兵庫県西宮市相生町２番１号,,兵庫県
兵庫県,ＪＲ芦屋駅前 ＡＴＭ,兵庫県芦屋市業平町１-１９,,兵庫県
兵庫県,伊丹支店,兵庫県伊丹市中央１-６-１５,072-772-8265,兵庫県
兵庫県,イズミヤ昆陽店 ＡＴＭ,兵庫県伊丹市池尻１-１,,兵庫県
兵庫県,伊丹支店 ＡＴＭ,兵庫県伊丹市中央１-６-１５,072-772-8265,兵庫県
兵庫県,加古川支店,兵庫県加古川市加古川町溝之口７０１みなと銀行加古川支店２階,079-424-3101,兵庫県
兵庫県,加古川支店 ＡＴＭ,兵庫県加古川市加古川町溝之口７０１みなと銀行加古川支店２階,079-424-3101,兵庫県
兵庫県,仁川出張所,兵庫県宝塚市仁川北３-７-９,0798-53-2001,兵庫県
兵庫県,仁川出張所 ＡＴＭ,兵庫県宝塚市仁川北３-７-９,0798-53-2001,兵庫県
兵庫県,川西北支店,兵庫県川西市栄町２０-１ベルフローラ・かわにしＷＥＳＴ１階川西支店内,072-758-5191,兵庫県
兵庫県,川西支店,兵庫県川西市栄町２０番１号ベルフローラ・かわにしＷＥＳＴ１階,072-758-5971,兵庫県
兵庫県,川西北支店 ＡＴＭ,兵庫県川西市栄町２０-１ベルフローラ・かわにしＷＥＳＴ１階川西支店内,072-758-5191,兵庫県
兵庫県,川西支店 ＡＴＭ,兵庫県川西市栄町２０番１号ベルフローラ・かわにしＷＥＳＴ１階,072-758-5971,兵庫県
兵庫県,イズミヤ多田店 ＡＴＭ,兵庫県川西市多田桜木１-８-３,,兵庫県
兵庫県,三田支店,兵庫県三田市三輪１-７-１２,079-563-7371,兵庫県
兵庫県,イオン三田ウッディタウン店 ＡＴＭ,兵庫県三田市けやき台１-６-２,,兵庫県
兵庫県,三田支店 ＡＴＭ,兵庫県三田市三輪１-７-１２,079-563-7371,兵庫県
兵庫県,イオンモール猪名川 ＡＴＭ,兵庫県川辺郡猪名川町白金２-１,,兵庫県
奈良県,近鉄学園前支店,奈良県奈良市学園北１-９-１,0742-45-9601,奈良県
奈良県,近鉄西大寺支店,奈良県奈良市西大寺東町２-１-３１,0742-33-3161,奈良県
奈良県,学園大和町支店,奈良県奈良市学園北１-９-１パラディ２内近鉄学園前支店内,0742-46-4855,奈良県
奈良県,新奈良営業部,奈良県奈良市三条本町１-２,0742-23-3344,奈良県
奈良県,近鉄学園前支店 ＡＴＭ,奈良県奈良市学園北１-９-１,0742-45-9601,奈良県
奈良県,近鉄西大寺支店 ＡＴＭ,奈良県奈良市西大寺東町２-１-３１,0742-33-3161,奈良県
奈良県,高の原駅前 ＡＴＭ,奈良県奈良市右京１-３-４,,奈良県
奈良県,学園大和町支店 ＡＴＭ,奈良県奈良市学園北１-９-１パラディ２内近鉄学園前支店内,0742-46-4855,奈良県
奈良県,近鉄奈良駅 ＡＴＭ,奈良県奈良市東向中町２８　１階,,奈良県
奈良県,新奈良営業部 ＡＴＭ,奈良県奈良市三条本町１-２,0742-23-3344,奈良県
奈良県,近鉄新大宮駅 ＡＴＭ,奈良県奈良市芝辻町４-１５-５,,奈良県
奈良県,近鉄菖蒲池 ＡＴＭ,奈良県奈良市あやめ池南２-２-１,,奈良県
奈良県,近鉄富雄駅 ＡＴＭ,奈良県奈良市富雄元町２-３-３５,,奈良県
奈良県,近鉄大和高田駅 ＡＴＭ,奈良県大和高田市北本町１４-４,,奈良県
奈良県,やまと郡山支店,奈良県大和郡山市高田町２-１,0743-53-8901,奈良県
奈良県,小泉支店,奈良県大和郡山市高田町２-１やまと郡山支店内,0743-53-4581,奈良県
奈良県,やまと郡山支店 ＡＴＭ,奈良県大和郡山市高田町２-１,0743-53-8901,奈良県
奈良県,小泉支店 ＡＴＭ,奈良県大和郡山市高田町２-１やまと郡山支店内,0743-53-4581,奈良県
奈良県,ラッキーやまと小泉店 ＡＴＭ,奈良県大和郡山市小泉町東１-８-３,,奈良県
奈良県,天理支店,奈良県天理市川原城町７９６,0743-62-1444,奈良県
奈良県,イオンタウン天理 ＡＴＭ,奈良県天理市東井戸堂町３８１,,奈良県
奈良県,天理支店 ＡＴＭ,奈良県天理市川原城町７９６,0743-62-1444,奈良県
奈良県,橿原支店,奈良県橿原市内膳町５-２-２９,0744-22-3501,奈良県
奈良県,橿原支店 ＡＴＭ,奈良県橿原市内膳町５-２-２９,0744-22-3501,奈良県
奈良県,橿原神宮前 ＡＴＭ,奈良県橿原市久米町６１８,,奈良県
奈良県,イオンモール橿原 ＡＴＭ,奈良県橿原市曲川町７-２０-１　１階,,奈良県
奈良県,奈良桜井 ＡＴＭ,奈良県桜井市大字粟殿１５８-２,,奈良県
奈良県,東生駒支店,奈良県生駒市東生駒１-５,0743-73-6353,奈良県
奈良県,いそかわ新生駒店 ＡＴＭ,奈良県生駒市小明町１０３１,,奈良県
奈良県,東生駒支店 ＡＴＭ,奈良県生駒市東生駒１-５,0743-73-6353,奈良県
奈良県,近鉄生駒駅 ＡＴＭ,奈良県生駒市元町１-１-１,,奈良県
奈良県,イオンモール奈良登美ヶ丘 ＡＴＭ,奈良県生駒市鹿畑町３０２７番地　１階,,奈良県
奈良県,香芝支店,奈良県香芝市瓦口２２４５,0745-76-6331,奈良県
奈良県,香芝支店 ＡＴＭ,奈良県香芝市瓦口２２４５,0745-76-6331,奈良県
奈良県,西やまと支店,奈良県北葛城郡上牧町片岡台２-６,0745-32-2031,奈良県
奈良県,西やまと支店 ＡＴＭ,奈良県北葛城郡上牧町片岡台２-６,0745-32-2031,奈良県
奈良県,ラスパ西大和 ＡＴＭ,奈良県北葛城郡上牧町ささゆり台１-１-１　１階,,奈良県
奈良県,ＪＲ王寺駅 ＡＴＭ,奈良県北葛城郡王寺町久度２-６-１０,,奈良県
奈良県,エコール・マミ ＡＴＭ,奈良県北葛城郡広陵町馬見中４-１-１,,奈良県
奈良県,奈良ニッセイエデンの園 ＡＴＭ,奈良県北葛城郡河合町高塚台１-８-１,,奈良県
奈良県,吉野支店,奈良県吉野郡大淀町土田２７４-１,0747-52-2785,奈良県
奈良県,吉野支店 ＡＴＭ,奈良県吉野郡大淀町土田２７４-１,0747-52-2785,奈良県
和歌山県,和歌山支店,和歌山県和歌山市本町１-４０,073-433-2211,和歌山県
和歌山県,和歌山支店 ＡＴＭ,和歌山県和歌山市本町１-４０,073-433-2211,和歌山県
広島県,広島支店,広島県広島市中区立町２-２７,082-248-2211,広島県
広島県,広島支店 ＡＴＭ,広島県広島市中区立町２-２７,082-248-2211,広島県
高知県,高知 ＡＴＭ,高知県高知市堺町１-１２,,高知県
福岡県,北九州支店,福岡県北九州市小倉北区鍛冶町２-１-１,093-521-4681,福岡県
福岡県,北九州支店 ＡＴＭ,福岡県北九州市小倉北区鍛冶町２-１-１,093-521-4681,福岡県
福岡県,小倉 ＡＴＭ,福岡県北九州市小倉北区浅野１-１-１,,福岡県
福岡県,地下鉄博多駅 ＡＴＭ,福岡県福岡市博多区博多駅中央街　地下１階,,福岡県
福岡県,福岡支店,福岡県福岡市中央区天神１-１２-１　日之出福岡ビル内,092-712-6611,福岡県
福岡県,福岡支店 ＡＴＭ,福岡県福岡市中央区天神１-１２-１　日之出福岡ビル内,092-712-6611,福岡県
福岡県,久留米支店,福岡県久留米市日吉町２５-１,0942-32-5201,福岡県
福岡県,久留米支店 ＡＴＭ,福岡県久留米市日吉町２５-１,0942-32-5201,福岡県
福岡県,聖マリア病院 ＡＴＭ,福岡県久留米市津福本町４２２,,福岡県
熊本県,熊本支店,熊本県熊本市中央区花畑町４-７,096-353-6321,熊本県
熊本県,熊本支店 ＡＴＭ,熊本県熊本市中央区花畑町４-７,096-353-6321,熊本県
